# https://github.com/mikedh/trimesh

o geometry_0
v -0.00026571 -0.00442794 0.06789335 0.54509804 0.71372549 0.60000000
v -0.00134649 -0.00400275 0.06789335 0.54509804 0.71372549 0.60000000
v -0.00022460 -0.00442262 0.06649394 0.54509804 0.71372549 0.60000000
v 0.00010597 -0.00442794 0.06789335 0.54509804 0.71372549 0.60000000
v -0.00016808 -0.00440756 0.07437978 0.54509804 0.71372549 0.60000000
v -0.00280323 -0.00280158 0.08951795 0.54509804 0.71372549 0.60000000
v -0.00281265 -0.00292293 0.07005865 0.54509804 0.71372549 0.60000000
v -0.00283234 -0.00292116 0.06789335 0.54509804 0.71372549 0.60000000
v -0.00287174 -0.00287598 0.06361003 0.54509804 0.71372549 0.60000000
v -0.00284176 -0.00289459 0.06361003 0.54509804 0.71372549 0.60000000
v -0.00114951 -0.00385924 0.06361003 0.54509804 0.71372549 0.60000000
v -0.00115208 -0.00334901 0.14356526 0.54509804 0.71372549 0.60000000
v -0.00254031 -0.00252874 0.14356526 0.54509804 0.71372549 0.60000000
v 0.00008370 -0.00442262 0.06649394 0.54509804 0.71372549 0.60000000
v 0.00118589 -0.00402223 0.06789335 0.54509804 0.71372549 0.60000000
v 0.00113280 -0.00404261 0.07437978 0.54509804 0.71372549 0.60000000
v 0.00100947 -0.00406209 0.08086622 0.54509804 0.71372549 0.60000000
v 0.00100947 -0.00373168 0.14139997 0.54509804 0.71372549 0.60000000
v 0.00005287 -0.00440756 0.07437978 0.54509804 0.71372549 0.60000000
v -0.00013725 -0.00439693 0.07568464 0.54509804 0.71372549 0.60000000
v -0.00375126 -0.00112738 0.08303152 0.54509804 0.71372549 0.60000000
v -0.00385831 -0.00112738 0.06361003 0.54509804 0.71372549 0.60000000
v -0.00111868 -0.00385924 0.06361003 0.54509804 0.71372549 0.60000000
v 0.00100947 -0.00370511 0.14356526 0.54509804 0.71372549 0.60000000
v -0.00115208 -0.00330472 0.14573057 0.54509804 0.71372549 0.60000000
v -0.00246067 -0.00246231 0.15005170 0.54509804 0.71372549 0.60000000
v -0.00251376 -0.00250748 0.14573057 0.54509804 0.71372549 0.60000000
v -0.00327853 -0.00112738 0.14356526 0.54509804 0.71372549 0.60000000
v -0.00343782 -0.00112738 0.12410596 0.54509804 0.71372549 0.60000000
v 0.00100776 -0.00380432 0.06361003 0.54509804 0.71372549 0.60000000
v 0.00270429 -0.00282018 0.06361003 0.54509804 0.71372549 0.60000000
v 0.00278565 -0.00287864 0.06572805 0.54509804 0.71372549 0.60000000
v 0.00286102 -0.00294065 0.06789335 0.54509804 0.71372549 0.60000000
v 0.00293295 -0.00304695 0.07870092 0.54509804 0.71372549 0.60000000
v 0.00294323 -0.00305669 0.08086622 0.54509804 0.71372549 0.60000000
v 0.00301859 -0.00289813 0.14139997 0.54509804 0.71372549 0.60000000
v 0.00301346 -0.00288484 0.14356526 0.54509804 0.71372549 0.60000000
v 0.00306655 -0.00281043 0.15005170 0.54509804 0.71372549 0.60000000
v 0.00001690 -0.00439693 0.07568464 0.54509804 0.71372549 0.60000000
v -0.00361081 0.00103402 0.13924413 0.54509804 0.71372549 0.60000000
v -0.00385917 -0.00109195 0.06361003 0.54509804 0.71372549 0.60000000
v 0.00100947 -0.00361564 0.14788640 0.54509804 0.71372549 0.60000000
v -0.00115208 -0.00319222 0.15005170 0.54509804 0.71372549 0.60000000
v -0.00241271 -0.00243219 0.15221700 0.54509804 0.71372549 0.60000000
v -0.00323314 -0.00112738 0.14573057 0.54509804 0.71372549 0.60000000
v 0.00386729 -0.00092807 0.06361003 0.54509804 0.71372549 0.60000000
v 0.00386643 -0.00122128 0.06572805 0.54509804 0.71372549 0.60000000
v 0.00394265 -0.00131429 0.06789335 0.54509804 0.71372549 0.60000000
v 0.00410879 -0.00180857 0.08303152 0.54509804 0.71372549 0.60000000
v 0.00302801 -0.00300443 0.08303152 0.54509804 0.71372549 0.60000000
v 0.00414819 -0.00201940 0.15005170 0.54509804 0.71372549 0.60000000
v 0.00402058 -0.00189538 0.15221700 0.54509804 0.71372549 0.60000000
v 0.00293980 -0.00261555 0.15221700 0.54509804 0.71372549 0.60000000
v 0.00100947 -0.00354035 0.15005170 0.54509804 0.71372549 0.60000000
v -0.00356457 0.00103402 0.14139997 0.54509804 0.71372549 0.60000000
v -0.00276640 0.00285526 0.15005170 0.54509804 0.71372549 0.60000000
v -0.00282121 0.00309709 0.14139997 0.54509804 0.71372549 0.60000000
v -0.00284519 0.00307229 0.13924413 0.54509804 0.71372549 0.60000000
v -0.00383177 0.00103402 0.08303152 0.54509804 0.71372549 0.60000000
v -0.00387715 0.00103402 0.06361003 0.54509804 0.71372549 0.60000000
v -0.00115208 -0.00308415 0.15221700 0.54509804 0.71372549 0.60000000
v -0.00233135 -0.00234095 0.15392843 0.54509804 0.71372549 0.60000000
v -0.00300191 -0.00112738 0.15005170 0.54509804 0.71372549 0.60000000
v -0.00314322 -0.00112738 0.14788640 0.54509804 0.71372549 0.60000000
v -0.00342497 0.00103402 0.14788640 0.54509804 0.71372549 0.60000000
v 0.00387756 -0.00084923 0.06361003 0.54509804 0.71372549 0.60000000
v 0.00425952 -0.00006617 0.06445157 0.54509804 0.71372549 0.60000000
v 0.00427836 -0.00014058 0.06572805 0.54509804 0.71372549 0.60000000
v 0.00430320 -0.00023359 0.06789335 0.54509804 0.71372549 0.60000000
v 0.00442737 -0.00072787 0.08303152 0.54509804 0.71372549 0.60000000
v 0.00445307 -0.00072256 0.08518736 0.54509804 0.71372549 0.60000000
v 0.00463034 -0.00089441 0.13924413 0.54509804 0.71372549 0.60000000
v 0.00461835 -0.00089529 0.14139997 0.54509804 0.71372549 0.60000000
v 0.00454128 -0.00093781 0.15005170 0.54509804 0.71372549 0.60000000
v 0.00448047 -0.00081468 0.15221700 0.54509804 0.71372549 0.60000000
v 0.00438969 -0.00051262 0.15396625 0.54509804 0.71372549 0.60000000
v 0.00375596 -0.00119116 0.15456195 0.54509804 0.71372549 0.60000000
v 0.00259039 -0.00071459 0.15870343 0.54509804 0.71372549 0.60000000
v 0.00221871 -0.00224528 0.15567769 0.54509804 0.71372549 0.60000000
v 0.00255956 -0.00236664 0.15437284 0.54509804 0.71372549 0.60000000
v 0.00100947 -0.00326840 0.15221700 0.54509804 0.71372549 0.60000000
v 0.00100947 -0.00292205 0.15437284 0.54509804 0.71372549 0.60000000
v -0.00274670 0.00276845 0.15221700 0.54509804 0.71372549 0.60000000
v -0.00202647 0.00417867 0.14139997 0.54509804 0.71372549 0.60000000
v -0.00287345 0.00300142 0.08951795 0.54509804 0.71372549 0.60000000
v -0.00288972 0.00289335 0.06361003 0.54509804 0.71372549 0.60000000
v -0.00135163 -0.00273248 0.15454303 0.54509804 0.71372549 0.60000000
v -0.00275784 -0.00112738 0.15221700 0.54509804 0.71372549 0.60000000
v -0.00220460 -0.00193436 0.15537512 0.54509804 0.71372549 0.60000000
v -0.00330765 0.00103402 0.15005170 0.54509804 0.71372549 0.60000000
v -0.00309183 0.00103402 0.15221700 0.54509804 0.71372549 0.60000000
v -0.00267134 0.00262849 0.15437284 0.54509804 0.71372549 0.60000000
v 0.00402230 0.00083914 0.06361003 0.54509804 0.71372549 0.60000000
v 0.00425952 -0.00002276 0.06445157 0.54509804 0.71372549 0.60000000
v 0.00427836 0.00005342 0.06572805 0.54509804 0.71372549 0.60000000
v 0.00430320 0.00014643 0.06789335 0.54509804 0.71372549 0.60000000
v 0.00464319 0.00103402 0.10681195 0.54509804 0.71372549 0.60000000
v 0.00487185 0.00103402 0.13924413 0.54509804 0.71372549 0.60000000
v 0.00473910 0.00103402 0.14788640 0.54509804 0.71372549 0.60000000
v 0.00464404 0.00103402 0.15005170 0.54509804 0.71372549 0.60000000
v 0.00438969 0.00033599 0.15396625 0.54509804 0.71372549 0.60000000
v 0.00230264 -0.00033546 0.16000828 0.54509804 0.71372549 0.60000000
v 0.00144710 -0.00208938 0.15712438 0.54509804 0.71372549 0.60000000
v 0.00083991 -0.00244105 0.15645303 0.54509804 0.71372549 0.60000000
v -0.00060484 -0.00247117 0.15653813 0.54509804 0.71372549 0.60000000
v 0.00000663 -0.00221959 0.15764442 0.54509804 0.71372549 0.60000000
v -0.00171474 0.00397228 0.14788640 0.54509804 0.71372549 0.60000000
v -0.00063310 0.00448694 0.14788640 0.54509804 0.71372549 0.60000000
v -0.00068791 0.00452060 0.14573057 0.54509804 0.71372549 0.60000000
v -0.00094569 0.00453654 0.14139997 0.54509804 0.71372549 0.60000000
v -0.00154175 0.00408300 0.08951795 0.54509804 0.71372549 0.60000000
v -0.00104503 0.00404491 0.06579424 0.54509804 0.71372549 0.60000000
v -0.00105017 0.00400240 0.06361003 0.54509804 0.71372549 0.60000000
v -0.00280922 0.00103402 0.15437284 0.54509804 0.71372549 0.60000000
v -0.00009015 -0.00221959 0.15764442 0.54509804 0.71372549 0.60000000
v -0.00046268 -0.00046656 0.16010284 0.54509804 0.71372549 0.60000000
v -0.00243926 0.00103402 0.15591407 0.54509804 0.71372549 0.60000000
v -0.00248379 0.00239375 0.15598027 0.54509804 0.71372549 0.60000000
v -0.00115208 0.00337701 0.15437284 0.54509804 0.71372549 0.60000000
v -0.00115123 0.00399619 0.15023135 0.54509804 0.71372549 0.60000000
v 0.00400003 0.00088343 0.06361003 0.54509804 0.71372549 0.60000000
v 0.00424667 0.00209257 0.08467676 0.54509804 0.71372549 0.60000000
v 0.00441367 0.00123598 0.08531028 0.54509804 0.71372549 0.60000000
v 0.00442737 0.00073195 0.08303152 0.54509804 0.71372549 0.60000000
v 0.00426980 0.00214218 0.08735265 0.54509804 0.71372549 0.60000000
v 0.00438541 0.00232377 0.10465611 0.54509804 0.71372549 0.60000000
v 0.00439826 0.00234149 0.10681195 0.54509804 0.71372549 0.60000000
v 0.00447533 0.00246196 0.12626180 0.54509804 0.71372549 0.60000000
v 0.00450873 0.00251688 0.13707883 0.54509804 0.71372549 0.60000000
v 0.00447362 0.00247436 0.14573057 0.54509804 0.71372549 0.60000000
v 0.00444622 0.00241855 0.14788640 0.54509804 0.71372549 0.60000000
v 0.00435544 0.00229188 0.15005170 0.54509804 0.71372549 0.60000000
v 0.00427665 0.00215812 0.15124309 0.54509804 0.71372549 0.60000000
v 0.00444878 0.00104731 0.15206571 0.54509804 0.71372549 0.60000000
v 0.00401887 0.00104731 0.15456195 0.54509804 0.71372549 0.60000000
v 0.00345450 0.00103402 0.15653813 0.54509804 0.71372549 0.60000000
v 0.00230264 0.00046001 0.16000828 0.54509804 0.71372549 0.60000000
v 0.00413363 0.00177811 0.15268032 0.54509804 0.71372549 0.60000000
v 0.00100947 -0.00057817 0.16019739 0.54509804 0.71372549 0.60000000
v 0.00083991 -0.00169785 0.15850487 0.54509804 0.71372549 0.60000000
v -0.00042928 0.00440456 0.14962621 0.54509804 0.71372549 0.60000000
v 0.00100947 0.00456046 0.14788640 0.54509804 0.71372549 0.60000000
v 0.00100947 0.00462158 0.14573057 0.54509804 0.71372549 0.60000000
v -0.00090544 0.00453743 0.13924413 0.54509804 0.71372549 0.60000000
v -0.00025286 0.00431332 0.06433810 0.54509804 0.71372549 0.60000000
v -0.00103818 0.00400860 0.06361003 0.54509804 0.71372549 0.60000000
v -0.00042072 0.00103402 0.16006502 0.54509804 0.71372549 0.60000000
v -0.00124458 0.00103402 0.15870343 0.54509804 0.71372549 0.60000000
v -0.00197594 0.00103402 0.15700145 0.54509804 0.71372549 0.60000000
v -0.00014581 0.00216698 0.15983808 0.54509804 0.71372549 0.60000000
v -0.00125400 0.00271530 0.15664214 0.54509804 0.71372549 0.60000000
v 0.00100947 0.00389078 0.15437284 0.54509804 0.71372549 0.60000000
v 0.00003061 0.00426283 0.15106343 0.54509804 0.71372549 0.60000000
v 0.00290812 0.00283311 0.06361003 0.54509804 0.71372549 0.60000000
v 0.00289013 0.00286146 0.06361003 0.54509804 0.71372549 0.60000000
v 0.00338428 0.00286146 0.08531028 0.54509804 0.71372549 0.60000000
v 0.00317189 0.00312012 0.08951795 0.54509804 0.71372549 0.60000000
v 0.00317189 0.00334335 0.10465611 0.54509804 0.71372549 0.60000000
v 0.00317189 0.00337258 0.10681195 0.54509804 0.71372549 0.60000000
v 0.00327980 0.00355594 0.12842710 0.54509804 0.71372549 0.60000000
v 0.00441967 0.00239552 0.11328893 0.54509804 0.71372549 0.60000000
v 0.00332518 0.00358429 0.13491353 0.54509804 0.71372549 0.60000000
v 0.00331748 0.00359758 0.13707883 0.54509804 0.71372549 0.60000000
v 0.00337143 0.00355683 0.14356526 0.54509804 0.71372549 0.60000000
v 0.00337314 0.00355506 0.14573057 0.54509804 0.71372549 0.60000000
v 0.00222642 0.00435672 0.15183878 0.54509804 0.71372549 0.60000000
v 0.00318045 0.00321756 0.15226427 0.54509804 0.71372549 0.60000000
v 0.00288842 0.00314138 0.15437284 0.54509804 0.71372549 0.60000000
v 0.00258183 0.00276491 0.15653813 0.54509804 0.71372549 0.60000000
v 0.00228294 0.00233174 0.15810774 0.54509804 0.71372549 0.60000000
v 0.00260581 0.00112171 0.15877908 0.54509804 0.71372549 0.60000000
v 0.00094696 0.00112171 0.16014066 0.54509804 0.71372549 0.60000000
v 0.00162608 0.00190123 0.15955442 0.54509804 0.71372549 0.60000000
v 0.00147193 0.00435672 0.15183878 0.54509804 0.71372549 0.60000000
v 0.00085447 0.00442316 0.15023135 0.54509804 0.71372549 0.60000000
v 0.00229236 0.00437710 0.14573057 0.54509804 0.71372549 0.60000000
v 0.00100947 0.00461184 0.13924413 0.54509804 0.71372549 0.60000000
v 0.00224698 0.00436292 0.15005170 0.54509804 0.71372549 0.60000000
v -0.00064681 0.00448871 0.11977537 0.54509804 0.71372549 0.60000000
v 0.00004260 0.00431332 0.06433810 0.54509804 0.71372549 0.60000000
v 0.00085190 0.00398379 0.06361003 0.54509804 0.71372549 0.60000000
v 0.00018562 0.00216698 0.15983808 0.54509804 0.71372549 0.60000000
v 0.00100947 0.00330614 0.15653813 0.54509804 0.71372549 0.60000000
v 0.00285845 0.00288006 0.06361003 0.54509804 0.71372549 0.60000000
v 0.00209539 0.00427877 0.11216374 0.54509804 0.71372549 0.60000000
v 0.00218788 0.00432395 0.12194066 0.54509804 0.71372549 0.60000000
v 0.00229065 0.00436912 0.14356526 0.54509804 0.71372549 0.60000000
v 0.00094696 0.00242741 0.15877908 0.54509804 0.71372549 0.60000000
v 0.00100947 0.00451174 0.11977537 0.54509804 0.71372549 0.60000000
v 0.00157299 0.00418222 0.09168325 0.54509804 0.71372549 0.60000000
f 1 2 3
f 1 3 14
f 1 14 4
f 1 4 19
f 1 19 5
f 1 5 2
f 2 6 7
f 2 7 8
f 2 8 9
f 2 9 10
f 2 10 11
f 2 11 3
f 2 5 12
f 2 12 13
f 2 13 6
f 3 11 23
f 3 23 14
f 4 14 15
f 4 15 16
f 4 16 17
f 4 17 18
f 4 18 19
f 5 19 39
f 5 39 20
f 5 20 12
f 6 21 22
f 6 22 8
f 6 8 7
f 6 13 21
f 8 22 9
f 9 22 41
f 9 41 60
f 9 60 86
f 9 86 113
f 9 113 146
f 9 146 181
f 9 181 184
f 9 184 155
f 9 155 154
f 9 154 121
f 9 121 93
f 9 93 66
f 9 66 46
f 9 46 31
f 9 31 30
f 9 30 23
f 9 23 11
f 9 11 10
f 12 24 25
f 12 25 26
f 12 26 27
f 12 27 13
f 12 20 24
f 13 27 28
f 13 28 29
f 13 29 21
f 14 23 30
f 14 30 15
f 15 30 31
f 15 31 32
f 15 32 33
f 15 33 34
f 15 34 35
f 15 35 16
f 16 35 36
f 16 36 17
f 17 36 18
f 18 36 37
f 18 37 38
f 18 38 24
f 18 24 20
f 18 20 39
f 18 39 19
f 21 29 40
f 21 40 22
f 22 40 41
f 24 42 25
f 24 38 42
f 25 42 43
f 25 43 26
f 26 43 44
f 26 44 45
f 26 45 28
f 26 28 27
f 28 45 40
f 28 40 29
f 31 46 47
f 31 47 48
f 31 48 32
f 32 48 33
f 33 48 49
f 33 49 34
f 34 49 50
f 34 50 35
f 35 50 36
f 36 51 38
f 36 38 37
f 36 50 51
f 38 51 52
f 38 52 53
f 38 53 54
f 38 54 42
f 40 45 55
f 40 55 56
f 40 56 57
f 40 57 58
f 40 58 59
f 40 59 41
f 41 59 60
f 42 54 43
f 43 54 61
f 43 61 44
f 44 61 62
f 44 62 63
f 44 63 64
f 44 64 45
f 45 64 65
f 45 65 55
f 46 66 67
f 46 67 47
f 47 67 48
f 48 67 68
f 48 68 69
f 48 69 49
f 49 69 70
f 49 70 71
f 49 71 72
f 49 72 51
f 49 51 50
f 51 72 73
f 51 73 74
f 51 74 75
f 51 75 52
f 52 75 76
f 52 76 77
f 52 77 78
f 52 78 79
f 52 79 80
f 52 80 53
f 53 81 54
f 53 80 82
f 53 82 81
f 54 81 61
f 55 65 56
f 56 65 83
f 56 83 84
f 56 84 57
f 57 84 58
f 58 84 85
f 58 85 60
f 58 60 59
f 60 85 86
f 61 81 87
f 61 87 62
f 62 88 63
f 62 87 89
f 62 89 88
f 63 90 64
f 63 88 91
f 63 91 90
f 64 90 65
f 65 90 92
f 65 92 83
f 66 93 67
f 67 94 95
f 67 95 68
f 67 93 94
f 68 95 96
f 68 96 69
f 69 96 97
f 69 97 71
f 69 71 70
f 71 97 98
f 71 98 72
f 72 98 73
f 73 98 74
f 74 99 75
f 74 98 99
f 75 99 100
f 75 100 76
f 76 101 137
f 76 137 102
f 76 102 78
f 76 78 77
f 76 100 101
f 78 102 79
f 79 102 103
f 79 103 104
f 79 104 82
f 79 82 80
f 81 82 105
f 81 105 87
f 82 104 106
f 82 106 105
f 83 107 84
f 83 92 107
f 84 107 108
f 84 108 109
f 84 109 110
f 84 110 111
f 84 111 86
f 84 86 85
f 86 111 112
f 86 112 113
f 87 105 89
f 88 89 114
f 88 114 91
f 89 105 115
f 89 115 116
f 89 116 117
f 89 117 114
f 90 91 92
f 91 114 118
f 91 118 92
f 92 118 119
f 92 119 120
f 92 120 107
f 93 95 94
f 93 121 122
f 93 122 95
f 95 122 96
f 96 122 123
f 96 123 124
f 96 124 97
f 97 124 123
f 97 123 125
f 97 125 126
f 97 126 127
f 97 127 98
f 98 128 129
f 98 129 130
f 98 130 99
f 98 127 128
f 99 131 100
f 99 130 131
f 100 131 132
f 100 132 133
f 100 133 134
f 100 134 101
f 101 135 136
f 101 136 137
f 101 134 133
f 101 133 138
f 101 138 135
f 102 137 139
f 102 139 140
f 102 140 103
f 103 140 106
f 103 106 104
f 105 106 115
f 106 140 115
f 107 120 141
f 107 141 108
f 108 141 142
f 108 142 143
f 108 143 109
f 109 143 110
f 110 143 144
f 110 144 111
f 111 145 112
f 111 144 145
f 112 145 146
f 112 146 113
f 114 117 118
f 115 140 139
f 115 139 116
f 116 139 147
f 116 147 148
f 116 148 149
f 116 149 117
f 117 149 118
f 118 149 148
f 118 148 147
f 118 147 150
f 118 150 151
f 118 151 119
f 119 151 150
f 119 150 152
f 119 152 153
f 119 153 141
f 119 141 120
f 121 154 122
f 122 154 155
f 122 155 125
f 122 125 123
f 125 156 157
f 125 157 126
f 125 155 156
f 126 158 159
f 126 159 127
f 126 157 158
f 127 159 160
f 127 160 161
f 127 161 128
f 128 161 162
f 128 162 129
f 129 162 163
f 129 163 164
f 129 164 165
f 129 165 130
f 130 165 131
f 131 166 132
f 131 165 166
f 132 166 167
f 132 167 133
f 133 167 168
f 133 168 169
f 133 169 138
f 135 169 136
f 135 138 169
f 136 169 170
f 136 170 171
f 136 171 137
f 137 172 139
f 137 171 170
f 137 170 173
f 137 173 172
f 139 172 147
f 141 153 174
f 141 174 175
f 141 175 142
f 142 175 174
f 142 174 166
f 142 166 143
f 143 176 177
f 143 177 144
f 143 166 178
f 143 178 176
f 144 177 179
f 144 179 145
f 145 180 146
f 145 179 177
f 145 177 180
f 146 180 181
f 147 172 150
f 150 172 182
f 150 182 183
f 150 183 152
f 152 174 153
f 152 183 166
f 152 166 174
f 155 157 156
f 155 184 185
f 155 185 157
f 157 185 158
f 158 185 159
f 159 185 160
f 160 185 186
f 160 186 162
f 160 162 161
f 162 187 176
f 162 176 163
f 162 186 187
f 163 176 164
f 164 176 165
f 165 176 178
f 165 178 166
f 166 183 169
f 166 169 168
f 166 168 167
f 169 183 170
f 170 183 188
f 170 188 173
f 172 173 182
f 173 188 182
f 176 187 186
f 176 186 177
f 177 186 189
f 177 189 180
f 180 190 181
f 180 189 185
f 180 185 190
f 181 190 184
f 182 188 183
f 184 190 185
f 185 189 186

o geometry_1
v -0.00100206 -0.01547906 0.04829817 0.54117647 0.42352941 0.64313725
v 0.00088313 -0.01546091 0.04828415 0.54117647 0.42352941 0.64313725
v -0.00098698 -0.01547301 0.05076562 0.54117647 0.42352941 0.64313725
v -0.00331255 -0.01540646 0.05019783 0.54117647 0.42352941 0.64313725
v -0.00331255 -0.01540646 0.04891153 0.54117647 0.42352941 0.64313725
v -0.00114986 -0.01322563 0.02779448 0.54117647 0.42352941 0.64313725
v 0.00316949 -0.01534597 0.04899564 0.54117647 0.42352941 0.64313725
v 0.00316949 -0.01534597 0.04999805 0.54117647 0.42352941 0.64313725
v 0.00081677 -0.01545486 0.05072006 0.54117647 0.42352941 0.64313725
v 0.00086202 -0.01315304 0.02779448 0.54117647 0.42352941 0.64313725
v -0.00003081 -0.01518566 0.05167689 0.54117647 0.42352941 0.64313725
v -0.00015749 -0.01518566 0.05167689 0.54117647 0.42352941 0.64313725
v -0.00159627 -0.01515239 0.05160329 0.54117647 0.42352941 0.64313725
v -0.00331255 -0.01503745 0.05128084 0.54117647 0.42352941 0.64313725
v -0.00459147 -0.01525825 0.04977373 0.54117647 0.42352941 0.64313725
v -0.00459147 -0.01525825 0.04928655 0.54117647 0.42352941 0.64313725
v -0.00247703 -0.01308649 0.02779448 0.54117647 0.42352941 0.64313725
v 0.00430664 -0.01520381 0.04941974 0.54117647 0.42352941 0.64313725
v 0.00316949 -0.01496183 0.05107756 0.54117647 0.42352941 0.64313725
v 0.00141099 -0.01512214 0.05152618 0.54117647 0.42352941 0.64313725
v 0.00430664 -0.01520381 0.04958096 0.54117647 0.42352941 0.64313725
v 0.00163118 -0.01301087 0.02779448 0.54117647 0.42352941 0.64313725
v 0.00081677 -0.01454139 0.05253910 0.54117647 0.42352941 0.64313725
v 0.00100982 -0.01334662 0.05431609 0.54117647 0.42352941 0.64313725
v 0.00100982 -0.01260556 0.05539560 0.54117647 0.42352941 0.64313725
v -0.00114986 -0.01261161 0.05540962 0.54117647 0.42352941 0.64313725
v -0.00114986 -0.01335872 0.05432660 0.54117647 0.42352941 0.64313725
v -0.00098698 -0.01457163 0.05253910 0.54117647 0.42352941 0.64313725
v -0.00331255 -0.01412095 0.05275290 0.54117647 0.42352941 0.64313725
v -0.00537571 -0.01466238 0.05053430 0.54117647 0.42352941 0.64313725
v -0.00529426 -0.01350995 0.05273888 0.54117647 0.42352941 0.64313725
v -0.00766508 -0.01349181 0.05047121 0.54117647 0.42352941 0.64313725
v -0.00878413 -0.01306834 0.04967209 0.54117647 0.42352941 0.64313725
v -0.00878413 -0.01306834 0.04938118 0.54117647 0.42352941 0.64313725
v -0.00355687 -0.01274470 0.02779448 0.54117647 0.42352941 0.64313725
v 0.00864409 -0.01306532 0.04932510 0.54117647 0.42352941 0.64313725
v 0.00182724 -0.01296853 0.02779448 0.54117647 0.42352941 0.64313725
v 0.00515121 -0.01455954 0.05041863 0.54117647 0.42352941 0.64313725
v 0.00674985 -0.01321353 0.05195378 0.54117647 0.42352941 0.64313725
v 0.00511803 -0.01342829 0.05270383 0.54117647 0.42352941 0.64313725
v 0.00316949 -0.01401508 0.05275290 0.54117647 0.42352941 0.64313725
v 0.00864409 -0.01306532 0.04963704 0.54117647 0.42352941 0.64313725
v 0.00747980 -0.01343131 0.05045018 0.54117647 0.42352941 0.64313725
v 0.00316949 -0.01315304 0.05403570 0.54117647 0.42352941 0.64313725
v 0.00316949 -0.01239685 0.05511521 0.54117647 0.42352941 0.64313725
v 0.00316949 -0.01131702 0.05645408 0.54117647 0.42352941 0.64313725
v 0.00100982 -0.01152271 0.05663283 0.54117647 0.42352941 0.64313725
v -0.00114986 -0.01153178 0.05663984 0.54117647 0.42352941 0.64313725
v -0.00331255 -0.01134425 0.05649263 0.54117647 0.42352941 0.64313725
v -0.00331255 -0.01242710 0.05515025 0.54117647 0.42352941 0.64313725
v -0.00445271 -0.01304112 0.05386396 0.54117647 0.42352941 0.64313725
v -0.00696530 -0.01325890 0.05200986 0.54117647 0.42352941 0.64313725
v -0.00540888 -0.01191592 0.05486285 0.54117647 0.42352941 0.64313725
v -0.00589451 -0.01273562 0.05345388 0.54117647 0.42352941 0.64313725
v -0.00840709 -0.01282939 0.05111261 0.54117647 0.42352941 0.64313725
v -0.01079903 -0.01076955 0.05141052 0.54117647 0.42352941 0.64313725
v -0.01099509 -0.01098430 0.04996650 0.54117647 0.42352941 0.64313725
v -0.01099509 -0.01098430 0.04919192 0.54117647 0.42352941 0.64313725
v -0.00539682 -0.01158622 0.02779448 0.54117647 0.42352941 0.64313725
v -0.00459448 -0.01211858 0.02779448 0.54117647 0.42352941 0.64313725
v 0.01098173 -0.01109017 0.04893956 0.54117647 0.42352941 0.64313725
v 0.00307900 -0.01230611 0.02779448 0.54117647 0.42352941 0.64313725
v 0.00380292 -0.01185845 0.02779448 0.54117647 0.42352941 0.64313725
v 0.00477115 -0.01121116 0.02779448 0.54117647 0.42352941 0.64313725
v 0.00585099 -0.01044892 0.02779448 0.54117647 0.42352941 0.64313725
v 0.00657792 -0.00993472 0.02779448 0.54117647 0.42352941 0.64313725
v 0.00734406 -0.00932070 0.02779448 0.54117647 0.42352941 0.64313725
v 0.00863504 -0.00875810 0.02991845 0.54117647 0.42352941 0.64313725
v 0.00915083 -0.01132912 0.05231479 0.54117647 0.42352941 0.64313725
v 0.00762156 -0.01201876 0.05285454 0.54117647 0.42352941 0.64313725
v 0.00705148 -0.01126863 0.05438619 0.54117647 0.42352941 0.64313725
v 0.00614961 -0.01070905 0.05582670 0.54117647 0.42352941 0.64313725
v 0.00569716 -0.01270840 0.05339430 0.54117647 0.42352941 0.64313725
v 0.00819165 -0.01277192 0.05108106 0.54117647 0.42352941 0.64313725
v 0.00425536 -0.01301995 0.05383241 0.54117647 0.42352941 0.64313725
v 0.01098173 -0.01109017 0.04999805 0.54117647 0.42352941 0.64313725
v 0.00961836 -0.01193104 0.05053780 0.54117647 0.42352941 0.64313725
v 0.00470781 -0.01106597 0.05621575 0.54117647 0.42352941 0.64313725
v 0.00100680 -0.00380358 0.06360058 0.54117647 0.42352941 0.64313725
v -0.00111668 -0.00385803 0.06360058 0.54117647 0.42352941 0.64313725
v -0.00114986 -0.00385803 0.06360058 0.54117647 0.42352941 0.64313725
v -0.00492024 -0.01109622 0.05625781 0.54117647 0.42352941 0.64313725
v -0.00636204 -0.01075442 0.05586175 0.54117647 0.42352941 0.64313725
v -0.00722470 -0.01129283 0.05442123 0.54117647 0.42352941 0.64313725
v -0.00781590 -0.01206111 0.05290011 0.54117647 0.42352941 0.64313725
v -0.00935723 -0.01138659 0.05234633 0.54117647 0.42352941 0.64313725
v -0.01011131 -0.01007386 0.05307886 0.54117647 0.42352941 0.64313725
v -0.01086539 -0.00866736 0.05381138 0.54117647 0.42352941 0.64313725
v -0.01135403 -0.00932977 0.05237087 0.54117647 0.42352941 0.64313725
v -0.01284408 -0.00836488 0.05059037 0.54117647 0.42352941 0.64313725
v -0.01165264 -0.00994077 0.05064996 0.54117647 0.42352941 0.64313725
v -0.01280487 -0.00833766 0.04842785 0.54117647 0.42352941 0.64313725
v -0.01152294 -0.00407581 0.02779448 0.54117647 0.42352941 0.64313725
v -0.01109764 -0.00463236 0.02779448 0.54117647 0.42352941 0.64313725
v -0.00714628 -0.00964737 0.02779448 0.54117647 0.42352941 0.64313725
v -0.00672399 -0.01017972 0.02779448 0.54117647 0.42352941 0.64313725
v -0.00636807 -0.01061528 0.02779448 0.54117647 0.42352941 0.64313725
v 0.01303282 -0.00886699 0.04914986 0.54117647 0.42352941 0.64313725
v 0.00962138 -0.00743024 0.02779448 0.54117647 0.42352941 0.64313725
v 0.01045388 -0.00667708 0.02779448 0.54117647 0.42352941 0.64313725
v 0.01065899 -0.00645325 0.02779448 0.54117647 0.42352941 0.64313725
v 0.00795939 -0.00882162 0.02779448 0.54117647 0.42352941 0.64313725
v 0.00849328 -0.01079072 0.05375530 0.54117647 0.42352941 0.64313725
v 0.01059263 -0.01071510 0.05143856 0.54117647 0.42352941 0.64313725
v 0.00855059 -0.00866736 0.05597040 0.54117647 0.42352941 0.64313725
v 0.00710879 -0.00926928 0.05643305 0.54117647 0.42352941 0.64313725
v 0.00270197 -0.00282055 0.06360058 0.54117647 0.42352941 0.64313725
v 0.00520249 -0.01188870 0.05483131 0.54117647 0.42352941 0.64313725
v 0.00780254 -0.01002849 0.05517829 0.54117647 0.42352941 0.64313725
v 0.01303282 -0.00886699 0.04979827 0.54117647 0.42352941 0.64313725
v 0.01182630 -0.00978953 0.05061841 0.54117647 0.42352941 0.64313725
v -0.00284201 -0.00289314 0.06360058 0.54117647 0.42352941 0.64313725
v -0.00763794 -0.00919668 0.05642604 0.54117647 0.42352941 0.64313725
v -0.00876905 -0.00874600 0.05605102 0.54117647 0.42352941 0.64313725
v -0.00782193 -0.01037028 0.05505212 0.54117647 0.42352941 0.64313725
v -0.00866650 -0.01081794 0.05379035 0.54117647 0.42352941 0.64313725
v -0.00287217 -0.00287499 0.06360058 0.54117647 0.42352941 0.64313725
v -0.01037373 -0.00781438 0.05501006 0.54117647 0.42352941 0.64313725
v -0.01072362 -0.00623850 0.05579165 0.54117647 0.42352941 0.64313725
v -0.01126655 -0.00722758 0.05435114 0.54117647 0.42352941 0.64313725
v -0.01322715 -0.00684042 0.05193275 0.54117647 0.42352941 0.64313725
v -0.01348656 -0.00728203 0.05059037 0.54117647 0.42352941 0.64313725
v -0.01346846 -0.00725783 0.04842785 0.54117647 0.42352941 0.64313725
v -0.01216240 -0.00318956 0.02779448 0.54117647 0.42352941 0.64313725
v 0.01506581 -0.00438433 0.04949684 0.54117647 0.42352941 0.64313725
v 0.01083092 -0.00625362 0.02779448 0.54117647 0.42352941 0.64313725
v 0.01144021 -0.00546416 0.02779448 0.54117647 0.42352941 0.64313725
v 0.01209776 -0.00425730 0.02779448 0.54117647 0.42352941 0.64313725
v 0.01261355 -0.00327728 0.02779448 0.54117647 0.42352941 0.64313725
v 0.00992301 -0.01003151 0.05304731 0.54117647 0.42352941 0.64313725
v 0.01069518 -0.00864316 0.05378334 0.54117647 0.42352941 0.64313725
v 0.00925339 -0.00934792 0.05452989 0.54117647 0.42352941 0.64313725
v 0.01267086 -0.00836488 0.05123878 0.54117647 0.42352941 0.64313725
v 0.01122907 -0.00927230 0.05234283 0.54117647 0.42352941 0.64313725
v 0.00991396 -0.00793537 0.05517829 0.54117647 0.42352941 0.64313725
v 0.01057151 -0.00630806 0.05582320 0.54117647 0.42352941 0.64313725
v 0.00912972 -0.00722758 0.05644707 0.54117647 0.42352941 0.64313725
v 0.00314838 -0.00209461 0.06360058 0.54117647 0.42352941 0.64313725
v 0.01102396 -0.00486527 0.05629285 0.54117647 0.42352941 0.64313725
v 0.01453494 -0.00524336 0.05038008 0.54117647 0.42352941 0.64313725
v 0.01344606 -0.00762987 0.05054832 0.54117647 0.42352941 0.64313725
v 0.01506581 -0.00438433 0.04952138 0.54117647 0.42352941 0.64313725
v -0.00917927 -0.00761475 0.05641903 0.54117647 0.42352941 0.64313725
v -0.00385850 -0.00112670 0.06360058 0.54117647 0.42352941 0.64313725
v -0.01108256 -0.00479872 0.05623327 0.54117647 0.42352941 0.64313725
v -0.01165264 -0.00549139 0.05501006 0.54117647 0.42352941 0.64313725
v -0.01277772 -0.00545206 0.05346790 0.54117647 0.42352941 0.64313725
v -0.01354990 -0.00545206 0.05238839 0.54117647 0.42352941 0.64313725
v -0.01437034 -0.00545206 0.05059037 0.54117647 0.42352941 0.64313725
v -0.01432207 -0.00545206 0.04842785 0.54117647 0.42352941 0.64313725
v -0.01295569 -0.00187078 0.02779448 0.54117647 0.42352941 0.64313725
v -0.01262691 -0.00242431 0.02779448 0.54117647 0.42352941 0.64313725
v 0.01518345 -0.00328938 0.04911832 0.54117647 0.42352941 0.64313725
v 0.01282771 -0.00261789 0.02779448 0.54117647 0.42352941 0.64313725
v 0.01292423 -0.00230332 0.02779448 0.54117647 0.42352941 0.64313725
v 0.01119890 -0.00720339 0.05438268 0.54117647 0.42352941 0.64313725
v 0.01193488 -0.00778413 0.05290712 0.54117647 0.42352941 0.64313725
v 0.01314744 -0.00692209 0.05203089 0.54117647 0.42352941 0.64313725
v 0.01264070 -0.00598442 0.05347141 0.54117647 0.42352941 0.64313725
v 0.00386626 -0.00092706 0.06360058 0.54117647 0.42352941 0.64313725
v 0.01297551 -0.00454162 0.05393756 0.54117647 0.42352941 0.64313725
v 0.01236622 -0.00328938 0.05524839 0.54117647 0.42352941 0.64313725
v 0.01128638 -0.00328938 0.05652067 0.54117647 0.42352941 0.64313725
v 0.01486070 -0.00328938 0.05100395 0.54117647 0.42352941 0.64313725
v 0.01339779 -0.00533712 0.05274940 0.54117647 0.42352941 0.64313725
v 0.01518345 -0.00328938 0.04992444 0.54117647 0.42352941 0.64313725
v -0.00387660 0.00103296 0.06360058 0.54117647 0.42352941 0.64313725
v -0.01152596 -0.00112670 0.05663633 0.54117647 0.42352941 0.64313725
v -0.01133593 -0.00328938 0.05648913 0.54117647 0.42352941 0.64313725
v -0.01253039 -0.00345877 0.05484533 0.54117647 0.42352941 0.64313725
v -0.01302205 -0.00429057 0.05380437 0.54117647 0.42352941 0.64313725
v -0.01382438 -0.00345877 0.05294918 0.54117647 0.42352941 0.64313725
v -0.01500678 -0.00341944 0.05066748 0.54117647 0.42352941 0.64313725
v -0.01533555 -0.00278425 0.05000155 0.54117647 0.42352941 0.64313725
v -0.01533555 -0.00278425 0.04907275 0.54117647 0.42352941 0.64313725
v -0.01316683 -0.00090589 0.02779448 0.54117647 0.42352941 0.64313725
v 0.01531616 -0.00112670 0.04866268 0.54117647 0.42352941 0.64313725
v 0.01296344 -0.00195245 0.02779448 0.54117647 0.42352941 0.64313725
v 0.01303885 -0.00116602 0.02779448 0.54117647 0.42352941 0.64313725
v 0.00387531 -0.00084842 0.06360058 0.54117647 0.42352941 0.64313725
v 0.01144926 -0.00112670 0.05664334 0.54117647 0.42352941 0.64313725
v 0.01312633 -0.00328938 0.05416538 0.54117647 0.42352941 0.64313725
v 0.01400709 -0.00328938 0.05275290 0.54117647 0.42352941 0.64313725
v 0.01252910 -0.00112670 0.05547972 0.54117647 0.42352941 0.64313725
v 0.01500548 -0.00112670 0.05149114 0.54117647 0.42352941 0.64313725
v 0.01531616 -0.00112670 0.05040812 0.54117647 0.42352941 0.64313725
v -0.00289027 0.00289318 0.06360058 0.54117647 0.42352941 0.64313725
v -0.01107049 0.00467777 0.05619472 0.54117647 0.42352941 0.64313725
v -0.01131783 0.00319565 0.05642604 0.54117647 0.42352941 0.64313725
v -0.01151691 0.00103296 0.05660479 0.54117647 0.42352941 0.64313725
v -0.01259675 0.00103296 0.05532200 0.54117647 0.42352941 0.64313725
v -0.01260881 -0.00112670 0.05533602 0.54117647 0.42352941 0.64313725
v -0.01320604 -0.00285079 0.05407775 0.54117647 0.42352941 0.64313725
v -0.01435224 -0.00112670 0.05275290 0.54117647 0.42352941 0.64313725
v -0.01515156 -0.00112670 0.05149814 0.54117647 0.42352941 0.64313725
v -0.01544414 -0.00112670 0.05041863 0.54117647 0.42352941 0.64313725
v -0.01544414 -0.00112670 0.04875380 0.54117647 0.42352941 0.64313725
v -0.01322414 0.00103296 0.02779448 0.54117647 0.42352941 0.64313725
v 0.01531616 0.00103296 0.04868721 0.54117647 0.42352941 0.64313725
v 0.01301472 0.00074259 0.02779448 0.54117647 0.42352941 0.64313725
v 0.00402009 0.00083938 0.06360058 0.54117647 0.42352941 0.64313725
v 0.01145831 0.00103296 0.05667138 0.54117647 0.42352941 0.64313725
v 0.01327412 -0.00112670 0.05439670 0.54117647 0.42352941 0.64313725
v 0.01429967 -0.00112670 0.05275290 0.54117647 0.42352941 0.64313725
v 0.01253814 0.00103296 0.05545869 0.54117647 0.42352941 0.64313725
v 0.01531616 0.00103296 0.05040111 0.54117647 0.42352941 0.64313725
v 0.01499945 0.00103296 0.05148062 0.54117647 0.42352941 0.64313725
v -0.00105032 0.00400023 0.06360058 0.54117647 0.42352941 0.64313725
v -0.00482070 0.01097224 0.05620874 0.54117647 0.42352941 0.64313725
v -0.00626250 0.01058205 0.05578464 0.54117647 0.42352941 0.64313725
v -0.00725185 0.00914227 0.05638048 0.54117647 0.42352941 0.64313725
v -0.00869364 0.00857665 0.05597391 0.54117647 0.42352941 0.64313725
v -0.00926071 0.00713688 0.05639450 0.54117647 0.42352941 0.64313725
v -0.01069949 0.00612057 0.05577413 0.54117647 0.42352941 0.64313725
v -0.01300696 0.00414239 0.05378334 0.54117647 0.42352941 0.64313725
v -0.01250626 0.00333176 0.05483131 0.54117647 0.42352941 0.64313725
v -0.01326637 0.00683743 0.05194677 0.54117647 0.42352941 0.64313725
v -0.01359213 0.00535833 0.05238138 0.54117647 0.42352941 0.64313725
v -0.01319397 0.00270262 0.05405673 0.54117647 0.42352941 0.64313725
v -0.01517569 0.00103296 0.05159278 0.54117647 0.42352941 0.64313725
v -0.01549240 0.00103296 0.05051327 0.54117647 0.42352941 0.64313725
v -0.01549240 0.00103296 0.04870824 0.54117647 0.42352941 0.64313725
v -0.01316683 0.00159859 0.02779448 0.54117647 0.42352941 0.64313725
v -0.01539889 0.00319565 0.04901317 0.54117647 0.42352941 0.64313725
v 0.01522266 0.00273891 0.04903069 0.54117647 0.42352941 0.64313725
v 0.01277643 0.00170445 0.02779448 0.54117647 0.42352941 0.64313725
v 0.00399898 0.00088173 0.06360058 0.54117647 0.42352941 0.64313725
v 0.01126828 0.00319565 0.05654170 0.54117647 0.42352941 0.64313725
v 0.01098776 0.00482598 0.05627883 0.54117647 0.42352941 0.64313725
v 0.01325301 0.00103296 0.05437918 0.54117647 0.42352941 0.64313725
v 0.01427252 0.00103296 0.05275290 0.54117647 0.42352941 0.64313725
v 0.01234812 0.00319565 0.05516778 0.54117647 0.42352941 0.64313725
v 0.01522266 0.00273891 0.05003660 0.54117647 0.42352941 0.64313725
v 0.01486673 0.00335293 0.05069202 0.54117647 0.42352941 0.64313725
v 0.01391660 0.00319565 0.05275290 0.54117647 0.42352941 0.64313725
v -0.00103825 0.00400628 0.06360058 0.54117647 0.42352941 0.64313725
v -0.00331255 0.01122632 0.05642954 0.54117647 0.42352941 0.64313725
v -0.00348750 0.01241806 0.05485234 0.54117647 0.42352941 0.64313725
v -0.00547524 0.01357048 0.05241993 0.54117647 0.42352941 0.64313725
v -0.00701054 0.01318634 0.05197481 0.54117647 0.42352941 0.64313725
v -0.00791544 0.00989846 0.05515727 0.54117647 0.42352941 0.64313725
v -0.00779478 0.01194620 0.05284403 0.54117647 0.42352941 0.64313725
v -0.00937533 0.01130798 0.05227273 0.54117647 0.42352941 0.64313725
v -0.00857902 0.01065464 0.05371324 0.54117647 0.42352941 0.64313725
v -0.01000574 0.00778417 0.05515025 0.54117647 0.42352941 0.64313725
v -0.01081712 0.01069699 0.05154721 0.54117647 0.42352941 0.64313725
v -0.01139626 0.00925419 0.05225170 0.54117647 0.42352941 0.64313725
v -0.01203873 0.00763596 0.05281949 0.54117647 0.42352941 0.64313725
v -0.01384550 0.00333176 0.05293866 0.54117647 0.42352941 0.64313725
v -0.01283805 0.00828023 0.05118270 0.54117647 0.42352941 0.64313725
v -0.01352275 0.00754219 0.05051327 0.54117647 0.42352941 0.64313725
v -0.01464482 0.00524642 0.05049224 0.54117647 0.42352941 0.64313725
v -0.01501582 0.00319565 0.05120023 0.54117647 0.42352941 0.64313725
v -0.01539889 0.00319565 0.05012072 0.54117647 0.42352941 0.64313725
v -0.01309142 0.00230033 0.02779448 0.54117647 0.42352941 0.64313725
v -0.01526919 0.00445091 0.04934263 0.54117647 0.42352941 0.64313725
v 0.01420918 0.00535833 0.04842785 0.54117647 0.42352941 0.64313725
v 0.01424839 0.00535833 0.05059037 0.54117647 0.42352941 0.64313725
v 0.01245670 0.00224286 0.02779448 0.54117647 0.42352941 0.64313725
v 0.01294535 0.00866134 0.04937768 0.54117647 0.42352941 0.64313725
v 0.00290708 0.00283268 0.06360058 0.54117647 0.42352941 0.64313725
v 0.01291820 0.00431480 0.05385695 0.54117647 0.42352941 0.64313725
v 0.01179613 0.00529179 0.05486636 0.54117647 0.42352941 0.64313725
v 0.01064994 0.00626878 0.05587927 0.54117647 0.42352941 0.64313725
v 0.01306298 0.00319565 0.05408827 0.54117647 0.42352941 0.64313725
v 0.01332239 0.00516475 0.05271785 0.54117647 0.42352941 0.64313725
v 0.00100982 0.01146829 0.05663283 0.54117647 0.42352941 0.64313725
v -0.00114986 0.01143502 0.05659077 0.54117647 0.42352941 0.64313725
v 0.00084995 0.00398208 0.06360058 0.54117647 0.42352941 0.64313725
v -0.00114986 0.01251788 0.05539560 0.54117647 0.42352941 0.64313725
v -0.00222668 0.01508588 0.05166989 0.54117647 0.42352941 0.64313725
v -0.00348750 0.01381851 0.05295268 0.54117647 0.42352941 0.64313725
v -0.00331255 0.01499513 0.05118270 0.54117647 0.42352941 0.64313725
v -0.00527918 0.01459587 0.05041513 0.54117647 0.42352941 0.64313725
v -0.00769223 0.01342530 0.05054481 0.54117647 0.42352941 0.64313725
v -0.00845234 0.01275078 0.05123528 0.54117647 0.42352941 0.64313725
v -0.00982476 0.01186454 0.05067099 0.54117647 0.42352941 0.64313725
v -0.01110669 0.01097829 0.05010670 0.54117647 0.42352941 0.64313725
v -0.01197237 0.00970185 0.05064295 0.54117647 0.42352941 0.64313725
v -0.01311857 0.00870974 0.04974219 0.54117647 0.42352941 0.64313725
v -0.01526919 0.00445091 0.04970363 0.54117647 0.42352941 0.64313725
v -0.01292854 0.00288713 0.02779448 0.54117647 0.42352941 0.64313725
v -0.01311857 0.00870974 0.04928655 0.54117647 0.42352941 0.64313725
v -0.01277471 0.00338016 0.02779448 0.54117647 0.42352941 0.64313725
v 0.01294535 0.00866134 0.04965807 0.54117647 0.42352941 0.64313725
v 0.01329825 0.00753614 0.05046069 0.54117647 0.42352941 0.64313725
v 0.01310521 0.00682533 0.05197481 0.54117647 0.42352941 0.64313725
v 0.01188059 0.00318052 0.02779448 0.54117647 0.42352941 0.64313725
v 0.01093045 0.01096316 0.04911832 0.54117647 0.42352941 0.64313725
v 0.01122303 0.00410609 0.02779448 0.54117647 0.42352941 0.64313725
v 0.01063485 0.00487135 0.02779448 0.54117647 0.42352941 0.64313725
v 0.00898795 0.00696749 0.02779448 0.54117647 0.42352941 0.64313725
v 0.00812830 0.00804732 0.02779448 0.54117647 0.42352941 0.64313725
v 0.00754012 0.00875511 0.02779448 0.54117647 0.42352941 0.64313725
v 0.00704545 0.00934493 0.02779448 0.54117647 0.42352941 0.64313725
v 0.00662920 0.00983796 0.02779448 0.54117647 0.42352941 0.64313725
v 0.00288898 0.00285990 0.06360058 0.54117647 0.42352941 0.64313725
v 0.01260149 0.00575760 0.05341883 0.54117647 0.42352941 0.64313725
v 0.01067105 0.00851615 0.05376231 0.54117647 0.42352941 0.64313725
v 0.01024877 0.00768435 0.05505913 0.54117647 0.42352941 0.64313725
v 0.00863806 0.00866134 0.05605803 0.54117647 0.42352941 0.64313725
v 0.00909654 0.00751799 0.05642604 0.54117647 0.42352941 0.64313725
v 0.01193187 0.00767225 0.05286856 0.54117647 0.42352941 0.64313725
v 0.01126225 0.00925419 0.05232180 0.54117647 0.42352941 0.64313725
v 0.00316949 0.01128681 0.05651717 0.54117647 0.42352941 0.64313725
v 0.00100982 0.01254812 0.05542364 0.54117647 0.42352941 0.64313725
v 0.00479227 0.01101458 0.05627182 0.54117647 0.42352941 0.64313725
v -0.00078489 0.01513730 0.05173998 0.54117647 0.42352941 0.64313725
v -0.00136402 0.01534298 0.05080417 0.54117647 0.42352941 0.64313725
v -0.00331255 0.01522199 0.05009969 0.54117647 0.42352941 0.64313725
v -0.00442557 0.01509797 0.04957746 0.54117647 0.42352941 0.64313725
v -0.00883239 0.01301091 0.04979126 0.54117647 0.42352941 0.64313725
v -0.01110669 0.01097829 0.04898162 0.54117647 0.42352941 0.64313725
v -0.01163153 0.00534623 0.02779448 0.54117647 0.42352941 0.64313725
v 0.01093045 0.01096316 0.05007515 0.54117647 0.42352941 0.64313725
v 0.01181725 0.00967765 0.05058687 0.54117647 0.42352941 0.64313725
v 0.01270404 0.00826510 0.05109859 0.54117647 0.42352941 0.64313725
v 0.00868632 0.01299881 0.04930057 0.54117647 0.42352941 0.64313725
v 0.00613151 0.01042476 0.02779448 0.54117647 0.42352941 0.64313725
v 0.00504865 0.01151367 0.02779448 0.54117647 0.42352941 0.64313725
v 0.00749488 0.00911203 0.05640501 0.54117647 0.42352941 0.64313725
v 0.00623406 0.01066372 0.05586876 0.54117647 0.42352941 0.64313725
v 0.00765776 0.01026445 0.05505212 0.54117647 0.42352941 0.64313725
v 0.01067105 0.01069699 0.05151567 0.54117647 0.42352941 0.64313725
v 0.00922926 0.01131706 0.05231829 0.54117647 0.42352941 0.64313725
v 0.00316949 0.01236664 0.05516077 0.54117647 0.42352941 0.64313725
v 0.00211379 0.01509193 0.05167689 0.54117647 0.42352941 0.64313725
v 0.00100982 0.01512822 0.05172947 0.54117647 0.42352941 0.64313725
v 0.00430061 0.01294436 0.05386396 0.54117647 0.42352941 0.64313725
v 0.00514518 0.01341622 0.05273187 0.54117647 0.42352941 0.64313725
v 0.00100982 0.01542162 0.05059037 0.54117647 0.42352941 0.64313725
v -0.00114986 0.01537020 0.04872226 0.54117647 0.42352941 0.64313725
v -0.00331255 0.01522199 0.04913233 0.54117647 0.42352941 0.64313725
v -0.00442557 0.01509797 0.04947582 0.54117647 0.42352941 0.64313725
v -0.00883239 0.01301091 0.04929006 0.54117647 0.42352941 0.64313725
v -0.00876603 0.00865227 0.02993948 0.54117647 0.42352941 0.64313725
v -0.00972522 0.00733046 0.02779448 0.54117647 0.42352941 0.64313725
v -0.01052756 0.00657125 0.02779448 0.54117647 0.42352941 0.64313725
v -0.01094683 0.00610847 0.02779448 0.54117647 0.42352941 0.64313725
v 0.00868632 0.01299881 0.04977023 0.54117647 0.42352941 0.64313725
v 0.00967869 0.01186151 0.05064295 0.54117647 0.42352941 0.64313725
v 0.00425838 0.01508890 0.04950035 0.54117647 0.42352941 0.64313725
v 0.00428251 0.01200972 0.02779448 0.54117647 0.42352941 0.64313725
v 0.00312727 0.01262374 0.02779448 0.54117647 0.42352941 0.64313725
v 0.00767586 0.01196738 0.05287908 0.54117647 0.42352941 0.64313725
v 0.00686145 0.01318029 0.05199584 0.54117647 0.42352941 0.64313725
v 0.00830325 0.01275683 0.05121425 0.54117647 0.42352941 0.64313725
v 0.00355558 0.01491044 0.05096189 0.54117647 0.42352941 0.64313725
v 0.00297042 0.01520082 0.05038008 0.54117647 0.42352941 0.64313725
v 0.00100982 0.01537927 0.04876081 0.54117647 0.42352941 0.64313725
v 0.00425838 0.01508890 0.04952138 0.54117647 0.42352941 0.64313725
v 0.00316949 0.01522501 0.04919192 0.54117647 0.42352941 0.64313725
v 0.00110936 0.01303208 0.02779448 0.54117647 0.42352941 0.64313725
v -0.00094777 0.01301696 0.02779448 0.54117647 0.42352941 0.64313725
v -0.00161437 0.01292017 0.02779448 0.54117647 0.42352941 0.64313725
v -0.00190997 0.01287480 0.02779448 0.54117647 0.42352941 0.64313725
v -0.00234432 0.01265399 0.02779448 0.54117647 0.42352941 0.64313725
v -0.00321000 0.01221238 0.02779448 0.54117647 0.42352941 0.64313725
v -0.00396407 0.01173447 0.02779448 0.54117647 0.42352941 0.64313725
v -0.00490214 0.01112348 0.02779448 0.54117647 0.42352941 0.64313725
v -0.00672098 0.00983796 0.02779448 0.54117647 0.42352941 0.64313725
v -0.00747204 0.00921789 0.02779448 0.54117647 0.42352941 0.64313725
v 0.00754917 0.01339807 0.05053079 0.54117647 0.42352941 0.64313725
v 0.00216808 0.01294739 0.02779448 0.54117647 0.42352941 0.64313725
v 0.00512104 0.01454445 0.05038008 0.54117647 0.42352941 0.64313725
f 191 192 193
f 191 193 194
f 191 194 195
f 191 195 196
f 191 196 192
f 192 197 198
f 192 198 199
f 192 199 193
f 192 196 200
f 192 200 197
f 193 199 201
f 193 201 202
f 193 202 203
f 193 203 194
f 194 203 204
f 194 204 205
f 194 205 206
f 194 206 195
f 195 206 207
f 195 207 196
f 196 207 225
f 196 225 250
f 196 250 249
f 196 249 287
f 196 287 286
f 196 286 285
f 196 285 284
f 196 284 283
f 196 283 314
f 196 314 342
f 196 342 341
f 196 341 366
f 196 366 388
f 196 388 413
f 196 413 445
f 196 445 472
f 196 472 474
f 196 474 504
f 196 504 529
f 196 529 528
f 196 528 527
f 196 527 552
f 196 552 551
f 196 551 550
f 196 550 549
f 196 549 548
f 196 548 547
f 196 547 546
f 196 546 545
f 196 545 544
f 196 544 543
f 196 543 554
f 196 554 534
f 196 534 533
f 196 533 510
f 196 510 509
f 196 509 486
f 196 486 485
f 196 485 484
f 196 484 483
f 196 483 482
f 196 482 481
f 196 481 480
f 196 480 478
f 196 478 449
f 196 449 416
f 196 416 390
f 196 390 369
f 196 369 368
f 196 368 345
f 196 345 344
f 196 344 319
f 196 319 318
f 196 318 317
f 196 317 316
f 196 316 291
f 196 291 290
f 196 290 289
f 196 289 292
f 196 292 257
f 196 257 256
f 196 256 255
f 196 255 254
f 196 254 253
f 196 253 252
f 196 252 227
f 196 227 212
f 196 212 200
f 197 208 211
f 197 211 198
f 197 200 208
f 198 209 210
f 198 210 199
f 198 211 209
f 199 210 201
f 200 212 208
f 201 210 213
f 201 213 214
f 201 214 215
f 201 215 216
f 201 216 217
f 201 217 202
f 202 217 218
f 202 218 203
f 203 218 217
f 203 217 219
f 203 219 204
f 204 220 205
f 204 219 221
f 204 221 220
f 205 220 222
f 205 222 223
f 205 223 224
f 205 224 206
f 206 224 225
f 206 225 207
f 208 226 232
f 208 232 211
f 208 212 227
f 208 227 226
f 209 211 228
f 209 228 229
f 209 229 230
f 209 230 231
f 209 231 210
f 210 231 214
f 210 214 213
f 211 232 233
f 211 233 228
f 214 234 215
f 214 231 234
f 215 234 235
f 215 235 236
f 215 236 237
f 215 237 216
f 216 237 238
f 216 238 239
f 216 239 240
f 216 240 219
f 216 219 217
f 219 240 241
f 219 241 221
f 220 221 242
f 220 242 222
f 221 241 243
f 221 243 244
f 221 244 242
f 222 242 245
f 222 245 223
f 223 245 246
f 223 246 247
f 223 247 248
f 223 248 224
f 224 248 249
f 224 249 250
f 224 250 225
f 226 251 266
f 226 266 232
f 226 227 252
f 226 252 253
f 226 253 254
f 226 254 255
f 226 255 256
f 226 256 257
f 226 257 258
f 226 258 251
f 228 233 229
f 229 259 260
f 229 260 261
f 229 261 262
f 229 262 263
f 229 263 230
f 229 233 264
f 229 264 259
f 230 263 265
f 230 265 231
f 231 265 234
f 232 266 267
f 232 267 264
f 232 264 233
f 234 265 235
f 235 265 268
f 235 268 236
f 236 268 269
f 236 269 237
f 237 269 270
f 237 270 238
f 238 270 271
f 238 271 239
f 239 272 240
f 239 271 272
f 240 272 241
f 241 272 243
f 242 244 273
f 242 273 274
f 242 274 275
f 242 275 276
f 242 276 245
f 243 272 273
f 243 273 244
f 245 276 246
f 246 276 277
f 246 277 278
f 246 278 279
f 246 279 280
f 246 280 281
f 246 281 247
f 247 281 280
f 247 280 248
f 248 280 282
f 248 282 283
f 248 283 284
f 248 284 285
f 248 285 286
f 248 286 287
f 248 287 249
f 251 288 300
f 251 300 266
f 251 258 289
f 251 289 290
f 251 290 291
f 251 291 288
f 257 292 258
f 258 292 289
f 259 293 260
f 259 264 294
f 259 294 293
f 260 293 261
f 261 293 262
f 262 295 296
f 262 296 297
f 262 297 268
f 262 268 298
f 262 298 263
f 262 293 299
f 262 299 295
f 263 298 265
f 264 267 294
f 265 298 268
f 266 300 301
f 266 301 294
f 266 294 267
f 268 297 269
f 269 297 328
f 269 328 350
f 269 350 370
f 269 370 391
f 269 391 417
f 269 417 451
f 269 451 487
f 269 487 459
f 269 459 426
f 269 426 398
f 269 398 377
f 269 377 357
f 269 357 334
f 269 334 307
f 269 307 302
f 269 302 271
f 269 271 270
f 271 302 272
f 272 302 273
f 273 303 304
f 273 304 305
f 273 305 306
f 273 306 274
f 273 302 307
f 273 307 303
f 274 306 275
f 275 306 276
f 276 306 277
f 277 306 304
f 277 304 278
f 278 304 308
f 278 308 309
f 278 309 310
f 278 310 311
f 278 311 279
f 279 311 280
f 280 311 312
f 280 312 313
f 280 313 282
f 282 313 314
f 282 314 283
f 288 315 332
f 288 332 300
f 288 291 316
f 288 316 317
f 288 317 318
f 288 318 319
f 288 319 315
f 293 294 320
f 293 320 321
f 293 321 322
f 293 322 295
f 293 295 299
f 294 301 323
f 294 323 324
f 294 324 321
f 294 321 320
f 295 322 321
f 295 321 325
f 295 325 326
f 295 326 327
f 295 327 297
f 295 297 296
f 297 327 329
f 297 329 328
f 300 330 331
f 300 331 323
f 300 323 301
f 300 332 330
f 303 307 304
f 304 306 305
f 304 307 333
f 304 333 309
f 304 309 308
f 307 334 335
f 307 335 333
f 309 333 335
f 309 335 336
f 309 336 311
f 309 311 310
f 311 337 338
f 311 338 339
f 311 339 312
f 311 336 337
f 312 339 313
f 313 339 340
f 313 340 341
f 313 341 342
f 313 342 314
f 315 343 356
f 315 356 332
f 315 319 344
f 315 344 345
f 315 345 343
f 321 346 326
f 321 326 325
f 321 324 323
f 321 323 347
f 321 347 346
f 323 331 348
f 323 348 347
f 326 329 327
f 326 346 349
f 326 349 329
f 328 329 350
f 329 351 352
f 329 352 353
f 329 353 350
f 329 349 351
f 330 354 355
f 330 355 348
f 330 348 331
f 330 332 354
f 332 356 354
f 334 357 358
f 334 358 359
f 334 359 335
f 335 359 360
f 335 360 361
f 335 361 338
f 335 338 337
f 335 337 336
f 338 361 362
f 338 362 363
f 338 363 339
f 339 363 364
f 339 364 365
f 339 365 340
f 340 365 341
f 341 365 366
f 343 367 376
f 343 376 356
f 343 345 368
f 343 368 369
f 343 369 367
f 346 347 348
f 346 348 349
f 348 355 349
f 349 355 351
f 350 353 371
f 350 371 370
f 351 372 352
f 351 355 373
f 351 373 372
f 352 372 374
f 352 374 353
f 353 374 371
f 354 356 375
f 354 375 373
f 354 373 355
f 356 376 375
f 357 377 378
f 357 378 379
f 357 379 380
f 357 380 358
f 358 380 381
f 358 381 382
f 358 382 359
f 359 382 360
f 360 382 383
f 360 383 362
f 360 362 361
f 362 384 385
f 362 385 363
f 362 383 384
f 363 385 364
f 364 385 386
f 364 386 387
f 364 387 365
f 365 387 366
f 366 387 388
f 367 389 396
f 367 396 376
f 367 369 389
f 369 390 389
f 370 371 391
f 371 374 392
f 371 392 391
f 372 393 374
f 372 373 394
f 372 394 393
f 373 375 394
f 374 393 395
f 374 395 392
f 375 376 396
f 375 396 397
f 375 397 394
f 377 398 399
f 377 399 400
f 377 400 401
f 377 401 402
f 377 402 403
f 377 403 404
f 377 404 378
f 378 405 406
f 378 406 379
f 378 404 407
f 378 407 408
f 378 408 405
f 379 406 381
f 379 381 380
f 381 406 409
f 381 409 410
f 381 410 382
f 382 410 384
f 382 384 383
f 384 410 385
f 385 411 386
f 385 410 411
f 386 411 412
f 386 412 387
f 387 412 388
f 388 412 414
f 388 414 413
f 389 415 423
f 389 423 396
f 389 390 415
f 390 416 415
f 391 392 418
f 391 418 419
f 391 419 417
f 392 395 418
f 393 420 395
f 393 394 421
f 393 421 420
f 394 397 421
f 395 420 455
f 395 455 422
f 395 422 418
f 396 423 397
f 397 423 424
f 397 424 425
f 397 425 421
f 398 426 399
f 399 426 427
f 399 427 428
f 399 428 429
f 399 429 430
f 399 430 400
f 400 431 402
f 400 402 401
f 400 430 432
f 400 432 433
f 400 433 434
f 400 434 431
f 402 435 404
f 402 404 403
f 402 431 433
f 402 433 436
f 402 436 437
f 402 437 435
f 404 435 437
f 404 437 438
f 404 438 407
f 405 408 439
f 405 439 406
f 406 439 409
f 407 438 437
f 407 437 440
f 407 440 441
f 407 441 442
f 407 442 408
f 408 442 443
f 408 443 439
f 409 439 410
f 410 439 443
f 410 443 444
f 410 444 411
f 411 444 414
f 411 414 412
f 413 414 445
f 414 444 471
f 414 471 446
f 414 446 445
f 415 447 448
f 415 448 423
f 415 416 447
f 416 449 450
f 416 450 447
f 417 419 451
f 418 422 419
f 419 422 452
f 419 452 453
f 419 453 454
f 419 454 451
f 420 421 425
f 420 425 455
f 422 455 452
f 423 448 424
f 424 448 456
f 424 456 425
f 425 456 452
f 425 452 455
f 426 457 458
f 426 458 427
f 426 459 457
f 427 458 460
f 427 460 428
f 428 460 461
f 428 461 462
f 428 462 429
f 429 462 461
f 429 461 463
f 429 463 430
f 430 463 464
f 430 464 465
f 430 465 466
f 430 466 433
f 430 433 432
f 431 434 433
f 433 466 436
f 436 466 467
f 436 467 468
f 436 468 469
f 436 469 440
f 436 440 437
f 440 469 470
f 440 470 441
f 441 470 471
f 441 471 442
f 442 471 443
f 443 471 444
f 445 446 472
f 446 471 470
f 446 470 473
f 446 473 474
f 446 474 472
f 447 450 448
f 448 450 475
f 448 475 476
f 448 476 477
f 448 477 456
f 449 478 450
f 450 479 505
f 450 505 475
f 450 478 480
f 450 480 481
f 450 481 482
f 450 482 483
f 450 483 484
f 450 484 485
f 450 485 486
f 450 486 479
f 451 454 487
f 452 456 488
f 452 488 453
f 453 488 454
f 454 489 490
f 454 490 491
f 454 491 492
f 454 492 487
f 454 488 477
f 454 477 493
f 454 493 494
f 454 494 489
f 456 477 488
f 457 495 496
f 457 496 460
f 457 460 458
f 457 459 495
f 459 487 497
f 459 497 495
f 460 496 498
f 460 498 461
f 461 498 499
f 461 499 500
f 461 500 463
f 463 500 501
f 463 501 464
f 464 502 465
f 464 501 502
f 465 502 466
f 466 502 467
f 467 502 468
f 468 502 525
f 468 525 503
f 468 503 473
f 468 473 470
f 468 470 469
f 473 503 504
f 473 504 474
f 475 505 506
f 475 506 507
f 475 507 476
f 476 507 477
f 477 494 493
f 477 507 494
f 479 508 530
f 479 530 505
f 479 486 509
f 479 509 510
f 479 510 508
f 487 492 491
f 487 491 511
f 487 511 512
f 487 512 497
f 489 491 490
f 489 494 491
f 491 513 512
f 491 512 511
f 491 494 514
f 491 514 515
f 491 515 513
f 494 507 514
f 495 497 516
f 495 516 496
f 496 516 517
f 496 517 518
f 496 518 498
f 497 519 516
f 497 512 520
f 497 520 519
f 498 518 521
f 498 521 499
f 499 521 522
f 499 522 500
f 500 522 523
f 500 523 524
f 500 524 501
f 501 524 525
f 501 525 502
f 503 525 526
f 503 526 527
f 503 527 528
f 503 528 529
f 503 529 504
f 505 530 531
f 505 531 514
f 505 514 506
f 506 514 507
f 508 532 541
f 508 541 530
f 508 510 533
f 508 533 534
f 508 534 532
f 512 513 515
f 512 515 535
f 512 535 536
f 512 536 520
f 514 531 537
f 514 537 515
f 515 537 536
f 515 536 535
f 516 519 517
f 517 520 536
f 517 536 538
f 517 538 539
f 517 539 521
f 517 521 518
f 517 519 520
f 521 540 522
f 521 539 541
f 521 541 542
f 521 542 540
f 522 540 543
f 522 543 544
f 522 544 523
f 523 544 545
f 523 545 524
f 524 545 546
f 524 546 525
f 525 546 547
f 525 547 548
f 525 548 549
f 525 549 550
f 525 550 551
f 525 551 526
f 526 551 552
f 526 552 527
f 530 553 537
f 530 537 531
f 530 541 553
f 532 542 541
f 532 534 554
f 532 554 542
f 536 537 553
f 536 553 555
f 536 555 538
f 538 555 541
f 538 541 539
f 540 542 554
f 540 554 543
f 541 555 553

o geometry_2
v 0.00100414 -0.01812288 -0.00346995 0.43529412 0.89019608 0.96078431
v 0.00316752 -0.01789228 -0.00346995 0.43529412 0.89019608 0.96078431
v 0.00100414 -0.01804483 -0.00131609 0.43529412 0.89019608 0.96078431
v -0.00114864 -0.01803064 -0.00131609 0.43529412 0.89019608 0.96078431
v -0.00114864 -0.01809804 -0.00346995 0.43529412 0.89019608 0.96078431
v -0.00114864 -0.01797742 -0.04021922 0.43529412 0.89019608 0.96078431
v 0.00100061 -0.01797742 -0.04021922 0.43529412 0.89019608 0.96078431
v 0.00316752 -0.01782487 -0.03804866 0.43529412 0.89019608 0.96078431
v 0.00523560 -0.01752687 -0.00346995 0.43529412 0.89019608 0.96078431
v 0.00316752 -0.01780004 -0.00131609 0.43529412 0.89019608 0.96078431
v 0.00550382 -0.01751622 -0.03649587 0.43529412 0.89019608 0.96078431
v 0.00386629 -0.01730336 0.00170600 0.43529412 0.89019608 0.96078431
v 0.00100414 -0.01770425 0.00085448 0.43529412 0.89019608 0.96078431
v -0.00114864 -0.01771844 0.00085448 0.43529412 0.89019608 0.96078431
v -0.00248972 -0.01737787 0.00216516 0.43529412 0.89019608 0.96078431
v -0.00331202 -0.01775747 -0.00131609 0.43529412 0.89019608 0.96078431
v -0.00331202 -0.01781068 -0.00346995 0.43529412 0.89019608 0.96078431
v -0.00330849 -0.01771135 -0.04021922 0.43529412 0.89019608 0.96078431
v -0.00320261 -0.01749139 -0.04227291 0.43529412 0.89019608 0.96078431
v -0.00114864 -0.01771844 -0.04237309 0.43529412 0.89019608 0.96078431
v 0.00100061 -0.01772199 -0.04237309 0.43529412 0.89019608 0.96078431
v 0.00316752 -0.01776811 -0.04021922 0.43529412 0.89019608 0.96078431
v 0.00643552 -0.01735303 -0.03926751 0.43529412 0.89019608 0.96078431
v 0.00550382 -0.01750913 -0.03807371 0.43529412 0.89019608 0.96078431
v 0.00631552 -0.01731756 -0.00346995 0.43529412 0.89019608 0.96078431
v 0.00496739 -0.01748075 -0.00131609 0.43529412 0.89019608 0.96078431
v 0.00643552 -0.01735303 -0.03881670 0.43529412 0.89019608 0.96078431
v 0.00454742 -0.01741334 0.00027009 0.43529412 0.89019608 0.96078431
v 0.00242639 -0.01736722 0.00209837 0.43529412 0.89019608 0.96078431
v 0.00182644 -0.01296811 0.02779448 0.43529412 0.89019608 0.96078431
v 0.00162880 -0.01300714 0.02779448 0.43529412 0.89019608 0.96078431
v 0.00086298 -0.01314904 0.02779448 0.43529412 0.89019608 0.96078431
v 0.00100414 -0.01744527 0.00239056 0.43529412 0.89019608 0.96078431
v -0.00114864 -0.01322354 0.02779448 0.43529412 0.89019608 0.96078431
v -0.00393315 -0.01726079 0.00136372 0.43529412 0.89019608 0.96078431
v -0.00325202 -0.01746656 0.00072925 0.43529412 0.89019608 0.96078431
v -0.00247561 -0.01308518 0.02779448 0.43529412 0.89019608 0.96078431
v -0.00445900 -0.01735658 -0.00007219 0.43529412 0.89019608 0.96078431
v -0.00475897 -0.01745237 -0.00131609 0.43529412 0.89019608 0.96078431
v -0.00481191 -0.01747010 -0.00346995 0.43529412 0.89019608 0.96078431
v -0.00466722 -0.01742753 -0.04021922 0.43529412 0.89019608 0.96078431
v -0.00450134 -0.01737787 -0.04148816 0.43529412 0.89019608 0.96078431
v -0.00385198 -0.01722886 -0.04292407 0.43529412 0.89019608 0.96078431
v -0.00240855 -0.01737077 -0.04357525 0.43529412 0.89019608 0.96078431
v -0.00114864 -0.01743108 -0.04375056 0.43529412 0.89019608 0.96078431
v 0.00100061 -0.01743463 -0.04378395 0.43529412 0.89019608 0.96078431
v 0.00231346 -0.01738141 -0.04360864 0.43529412 0.89019608 0.96078431
v 0.00308634 -0.01749849 -0.04231465 0.43529412 0.89019608 0.96078431
v 0.00459330 -0.01739560 -0.04155495 0.43529412 0.89019608 0.96078431
v 0.00532030 -0.01745946 -0.04007730 0.43529412 0.89019608 0.96078431
v 0.00603319 -0.01727498 -0.04070342 0.43529412 0.89019608 0.96078431
v 0.00878946 -0.01534860 -0.04385074 0.43529412 0.89019608 0.96078431
v 0.00880005 -0.01539472 -0.04237309 0.43529412 0.89019608 0.96078431
v 0.00907533 -0.01556855 -0.02939981 0.43529412 0.89019608 0.96078431
v 0.00749073 -0.01659383 -0.00346995 0.43529412 0.89019608 0.96078431
v 0.00749073 -0.01644483 -0.00131609 0.43529412 0.89019608 0.96078431
v 0.00604731 -0.01723596 -0.00131609 0.43529412 0.89019608 0.96078431
v 0.00529560 -0.01710469 0.00092961 0.43529412 0.89019608 0.96078431
v 0.00307929 -0.01230470 0.02779448 0.43529412 0.89019608 0.96078431
v 0.00533089 -0.01670026 0.00301669 0.43529412 0.89019608 0.96078431
v 0.00757543 -0.01567853 0.00287477 0.43529412 0.89019608 0.96078431
v -0.00529893 -0.01698407 0.00072925 0.43529412 0.89019608 0.96078431
v -0.00355553 -0.01274461 0.02779448 0.43529412 0.89019608 0.96078431
v -0.00583890 -0.01710469 -0.00131609 0.43529412 0.89019608 0.96078431
v -0.00589183 -0.01709760 -0.00346995 0.43529412 0.89019608 0.96078431
v -0.00575067 -0.01706212 -0.04021922 0.43529412 0.89019608 0.96078431
v -0.00532011 -0.01692376 -0.04227291 0.43529412 0.89019608 0.96078431
v -0.00546833 -0.01626390 -0.04453530 0.43529412 0.89019608 0.96078431
v -0.00320261 -0.01693795 -0.04438503 0.43529412 0.89019608 0.96078431
v -0.00114864 -0.01708696 -0.04483584 0.43529412 0.89019608 0.96078431
v 0.00100061 -0.01709760 -0.04486088 0.43529412 0.89019608 0.96078431
v 0.00532030 -0.01706567 -0.04231465 0.43529412 0.89019608 0.96078431
v 0.00316752 -0.01612909 -0.04670586 0.43529412 0.89019608 0.96078431
v 0.00308634 -0.01697698 -0.04441842 0.43529412 0.89019608 0.96078431
v 0.00748721 -0.01561822 -0.04456034 0.43529412 0.89019608 0.96078431
v 0.01365264 -0.01143197 -0.04237309 0.43529412 0.89019608 0.96078431
v 0.00820362 -0.01501866 -0.04528665 0.43529412 0.89019608 0.96078431
v 0.01091402 -0.01315969 -0.04580424 0.43529412 0.89019608 0.96078431
v 0.01115400 -0.01334416 -0.04453530 0.43529412 0.89019608 0.96078431
v 0.01015525 -0.01469583 -0.02939981 0.43529412 0.89019608 0.96078431
v 0.01011996 -0.01467809 -0.00563217 0.43529412 0.89019608 0.96078431
v 0.00903651 -0.01553662 -0.00563217 0.43529412 0.89019608 0.96078431
v 0.00902945 -0.01553308 -0.00346995 0.43529412 0.89019608 0.96078431
v 0.00894475 -0.01546567 -0.00131609 0.43529412 0.89019608 0.96078431
v 0.00875770 -0.01531667 0.00085448 0.43529412 0.89019608 0.96078431
v 0.00749073 -0.01613263 0.00085448 0.43529412 0.89019608 0.96078431
v 0.00380276 -0.01185414 0.02779448 0.43529412 0.89019608 0.96078431
v 0.00862006 -0.01521024 0.00206498 0.43529412 0.89019608 0.96078431
v -0.00763524 -0.01604039 0.00085448 0.43529412 0.89019608 0.96078431
v -0.00459310 -0.01211667 0.02779448 0.43529412 0.89019608 0.96078431
v -0.00878927 -0.01522443 0.00210672 0.43529412 0.89019608 0.96078431
v -0.00763524 -0.01634195 -0.00131609 0.43529412 0.89019608 0.96078431
v -0.00763524 -0.01633840 -0.00346995 0.43529412 0.89019608 0.96078431
v -0.00763524 -0.01624971 -0.04021922 0.43529412 0.89019608 0.96078431
v -0.00763524 -0.01593751 -0.04237309 0.43529412 0.89019608 0.96078431
v -0.00756112 -0.01546567 -0.04433494 0.43529412 0.89019608 0.96078431
v -0.00679177 -0.01528829 -0.04584599 0.43529412 0.89019608 0.96078431
v -0.00528129 -0.01546922 -0.04662238 0.43529412 0.89019608 0.96078431
v -0.00330849 -0.01598718 -0.04670586 0.43529412 0.89019608 0.96078431
v -0.00114864 -0.01632776 -0.04670586 0.43529412 0.89019608 0.96078431
v 0.00100061 -0.01637033 -0.04670586 0.43529412 0.89019608 0.96078431
v 0.00533089 -0.01636678 -0.04453530 0.43529412 0.89019608 0.96078431
v 0.00527795 -0.01555791 -0.04667247 0.43529412 0.89019608 0.96078431
v 0.00316752 -0.01541955 -0.04818351 0.43529412 0.89019608 0.96078431
v 0.00451212 -0.01527410 -0.04794141 0.43529412 0.89019608 0.96078431
v 0.00676373 -0.01530603 -0.04593781 0.43529412 0.89019608 0.96078431
v 0.01473610 -0.01043153 -0.04237309 0.43529412 0.89019608 0.96078431
v 0.01472198 -0.01058408 -0.04021922 0.43529412 0.89019608 0.96078431
v 0.01145398 -0.01361379 -0.02939981 0.43529412 0.89019608 0.96078431
v 0.01223039 -0.01238984 -0.04453530 0.43529412 0.89019608 0.96078431
v 0.00595555 -0.01498674 -0.04737372 0.43529412 0.89019608 0.96078431
v 0.00748721 -0.01461068 -0.04667247 0.43529412 0.89019608 0.96078431
v 0.00953765 -0.01350736 -0.04659733 0.43529412 0.89019608 0.96078431
v 0.01302093 -0.01102399 -0.04579589 0.43529412 0.89019608 0.96078431
v 0.01335267 -0.01131135 -0.04453530 0.43529412 0.89019608 0.96078431
v 0.00872947 -0.01312776 -0.04797480 0.43529412 0.89019608 0.96078431
v 0.00797423 -0.01263818 -0.04941071 0.43529412 0.89019608 0.96078431
v 0.00899416 -0.01119073 -0.05029563 0.43529412 0.89019608 0.96078431
v 0.01043758 -0.01055924 -0.04960272 0.43529412 0.89019608 0.96078431
v 0.01143280 -0.01359605 -0.00563217 0.43529412 0.89019608 0.96078431
v 0.01011290 -0.01467099 -0.00346995 0.43529412 0.89019608 0.96078431
v 0.01002820 -0.01461068 -0.00131609 0.43529412 0.89019608 0.96078431
v 0.00983762 -0.01445813 0.00085448 0.43529412 0.89019608 0.96078431
v 0.00476975 -0.01120847 0.02779448 0.43529412 0.89019608 0.96078431
v 0.01094931 -0.01318807 0.00264101 0.43529412 0.89019608 0.96078431
v 0.01073403 -0.01301423 0.00408527 0.43529412 0.89019608 0.96078431
v 0.00852125 -0.01081467 0.01900371 0.43529412 0.89019608 0.96078431
v 0.00657668 -0.00993485 0.02779448 0.43529412 0.89019608 0.96078431
v 0.01118929 -0.01337609 0.00085448 0.43529412 0.89019608 0.96078431
v 0.01226921 -0.01249982 0.00085448 0.43529412 0.89019608 0.96078431
v -0.00897632 -0.01534860 0.00085448 0.43529412 0.89019608 0.96078431
v -0.00539422 -0.01158452 0.02779448 0.43529412 0.89019608 0.96078431
v -0.01005977 -0.01456456 0.00085448 0.43529412 0.89019608 0.96078431
v -0.00919160 -0.01549405 -0.00131609 0.43529412 0.89019608 0.96078431
v -0.00921277 -0.01549760 -0.00346995 0.43529412 0.89019608 0.96078431
v -0.00914925 -0.01544084 -0.04021922 0.43529412 0.89019608 0.96078431
v -0.00890221 -0.01529184 -0.04237309 0.43529412 0.89019608 0.96078431
v -0.00872575 -0.01517831 -0.04347507 0.43529412 0.89019608 0.96078431
v -0.00823166 -0.01491223 -0.04491098 0.43529412 0.89019608 0.96078431
v -0.00756112 -0.01446878 -0.04662238 0.43529412 0.89019608 0.96078431
v -0.00587419 -0.01491223 -0.04729859 0.43529412 0.89019608 0.96078431
v -0.00443076 -0.01518895 -0.04779948 0.43529412 0.89019608 0.96078431
v -0.00330849 -0.01531667 -0.04802489 0.43529412 0.89019608 0.96078431
v -0.00114864 -0.01549760 -0.04832543 0.43529412 0.89019608 0.96078431
v 0.00100061 -0.01553308 -0.04838387 0.43529412 0.89019608 0.96078431
v 0.00100061 -0.01484838 -0.04946080 0.43529412 0.89019608 0.96078431
v 0.00316752 -0.01471002 -0.04926879 0.43529412 0.89019608 0.96078431
v 0.00533089 -0.01331223 -0.05030398 0.43529412 0.89019608 0.96078431
v 0.00527795 -0.01444039 -0.04874285 0.43529412 0.89019608 0.96078431
v 0.01523724 -0.00903374 -0.04383404 0.43529412 0.89019608 0.96078431
v 0.01545957 -0.00934949 -0.04237309 0.43529412 0.89019608 0.96078431
v 0.01564662 -0.00950204 -0.04021922 0.43529412 0.89019608 0.96078431
v 0.01568191 -0.00948430 -0.03804866 0.43529412 0.89019608 0.96078431
v 0.01478903 -0.01056989 -0.03157037 0.43529412 0.89019608 0.96078431
v 0.01479609 -0.01057698 -0.02939981 0.43529412 0.89019608 0.96078431
v 0.01371617 -0.01162000 -0.02939981 0.43529412 0.89019608 0.96078431
v 0.01253390 -0.01270204 -0.02939981 0.43529412 0.89019608 0.96078431
v 0.01251273 -0.01268784 -0.00563217 0.43529412 0.89019608 0.96078431
v 0.00653433 -0.01307809 -0.05002014 0.43529412 0.89019608 0.96078431
v 0.00734957 -0.01343995 -0.04876789 0.43529412 0.89019608 0.96078431
v 0.01310915 -0.00894150 -0.04807498 0.43529412 0.89019608 0.96078431
v 0.01342678 -0.00970425 -0.04658898 0.43529412 0.89019608 0.96078431
v 0.01445376 -0.00976102 -0.04455200 0.43529412 0.89019608 0.96078431
v 0.00726487 -0.01179028 -0.05087166 0.43529412 0.89019608 0.96078431
v 0.00655198 -0.01094239 -0.05218235 0.43529412 0.89019608 0.96078431
v 0.00799187 -0.01040669 -0.05173154 0.43529412 0.89019608 0.96078431
v 0.00886005 -0.00896634 -0.05230757 0.43529412 0.89019608 0.96078431
v 0.00964705 -0.00976102 -0.05102194 0.43529412 0.89019608 0.96078431
v 0.01109753 -0.00912244 -0.05031233 0.43529412 0.89019608 0.96078431
v 0.01142222 -0.01358895 -0.00346995 0.43529412 0.89019608 0.96078431
v 0.01136222 -0.01352864 -0.00131609 0.43529412 0.89019608 0.96078431
v 0.01172925 -0.01240048 0.00322540 0.43529412 0.89019608 0.96078431
v 0.01301740 -0.01096722 0.00451938 0.43529412 0.89019608 0.96078431
v 0.01067403 -0.01078275 0.01253377 0.43529412 0.89019608 0.96078431
v 0.00961882 -0.00743020 0.02779448 0.43529412 0.89019608 0.96078431
v 0.00795658 -0.00881734 0.02779448 0.43529412 0.89019608 0.96078431
v 0.00734251 -0.00931756 0.02779448 0.43529412 0.89019608 0.96078431
v 0.01352559 -0.01141778 0.00085448 0.43529412 0.89019608 0.96078431
v 0.01324326 -0.01116944 0.00301669 0.43529412 0.89019608 0.96078431
v 0.01244567 -0.01263108 -0.00131609 0.43529412 0.89019608 0.96078431
v -0.01027152 -0.01472066 -0.00131609 0.43529412 0.89019608 0.96078431
v -0.00636474 -0.01061600 0.02779448 0.43529412 0.89019608 0.96078431
v -0.01220550 -0.01215569 0.00301669 0.43529412 0.89019608 0.96078431
v -0.01112557 -0.01323064 0.00301669 0.43529412 0.89019608 0.96078431
v -0.01138673 -0.01348252 0.00085448 0.43529412 0.89019608 0.96078431
v -0.01159495 -0.01364217 -0.00131609 0.43529412 0.89019608 0.96078431
v -0.01029269 -0.01475968 -0.00346995 0.43529412 0.89019608 0.96078431
v -0.01022564 -0.01473485 -0.04021922 0.43529412 0.89019608 0.96078431
v -0.00997860 -0.01455747 -0.04237309 0.43529412 0.89019608 0.96078431
v -0.01113969 -0.01323773 -0.04404275 0.43529412 0.89019608 0.96078431
v -0.00976685 -0.01407498 -0.04447686 0.43529412 0.89019608 0.96078431
v -0.01080089 -0.01295037 -0.04547866 0.43529412 0.89019608 0.96078431
v -0.00926571 -0.01340802 -0.04670586 0.43529412 0.89019608 0.96078431
v -0.00879986 -0.01307099 -0.04786627 0.43529412 0.89019608 0.96078431
v -0.00763524 -0.01340802 -0.04836717 0.43529412 0.89019608 0.96078431
v -0.00648473 -0.01298230 -0.04990326 0.43529412 0.89019608 0.96078431
v -0.00545069 -0.01409627 -0.04885138 0.43529412 0.89019608 0.96078431
v -0.00503778 -0.01326966 -0.05025389 0.43529412 0.89019608 0.96078431
v -0.00330849 -0.01462133 -0.04911017 0.43529412 0.89019608 0.96078431
v -0.00114864 -0.01481645 -0.04941071 0.43529412 0.89019608 0.96078431
v -0.00114864 -0.01374150 -0.05078819 0.43529412 0.89019608 0.96078431
v 0.00100061 -0.01376988 -0.05082992 0.43529412 0.89019608 0.96078431
v 0.00316752 -0.01363153 -0.05067130 0.43529412 0.89019608 0.96078431
v 0.00316752 -0.01267011 -0.05175659 0.43529412 0.89019608 0.96078431
v 0.00533089 -0.01230115 -0.05138926 0.43529412 0.89019608 0.96078431
v 0.01628540 -0.00760758 -0.04237309 0.43529412 0.89019608 0.96078431
v 0.01532899 -0.00697609 -0.04613817 0.43529412 0.89019608 0.96078431
v 0.01562897 -0.00766080 -0.04455200 0.43529412 0.89019608 0.96078431
v 0.01656420 -0.00760758 -0.04021922 0.43529412 0.89019608 0.96078431
v 0.01662772 -0.00760758 -0.03804866 0.43529412 0.89019608 0.96078431
v 0.01658185 -0.00761113 -0.00346995 0.43529412 0.89019608 0.96078431
v 0.01561486 -0.00949494 -0.00563217 0.43529412 0.89019608 0.96078431
v 0.01481727 -0.01057698 -0.00563217 0.43529412 0.89019608 0.96078431
v 0.01373382 -0.01160581 -0.00563217 0.43529412 0.89019608 0.96078431
v 0.01250214 -0.01268075 -0.00346995 0.43529412 0.89019608 0.96078431
v 0.01494432 -0.00616368 -0.04757408 0.43529412 0.89019608 0.96078431
v 0.01457728 -0.00766080 -0.04678934 0.43529412 0.89019608 0.96078431
v 0.01253390 -0.00813618 -0.04951089 0.43529412 0.89019608 0.96078431
v 0.01344442 -0.00749405 -0.04881798 0.43529412 0.89019608 0.96078431
v 0.00533089 -0.01122266 -0.05244950 0.43529412 0.89019608 0.96078431
v 0.00524972 -0.00960847 -0.05360991 0.43529412 0.89019608 0.96078431
v 0.00590967 -0.00843064 -0.05416090 0.43529412 0.89019608 0.96078431
v 0.00735663 -0.00972199 -0.05264150 0.43529412 0.89019608 0.96078431
v 0.01029641 -0.00816102 -0.05175659 0.43529412 0.89019608 0.96078431
v 0.00751544 -0.00767144 -0.05381027 0.43529412 0.89019608 0.96078431
v 0.00961176 -0.00750470 -0.05263316 0.43529412 0.89019608 0.96078431
v 0.01169396 -0.00742310 -0.05090506 0.43529412 0.89019608 0.96078431
v 0.01082932 -0.00625237 0.02779448 0.43529412 0.89019608 0.96078431
v 0.01065639 -0.00645104 0.02779448 0.43529412 0.89019608 0.96078431
v 0.01045170 -0.00667454 0.02779448 0.43529412 0.89019608 0.96078431
v 0.01460552 -0.01023995 0.00085448 0.43529412 0.89019608 0.96078431
v 0.01367382 -0.01154904 -0.00131609 0.43529412 0.89019608 0.96078431
v 0.01476080 -0.01047055 -0.00131609 0.43529412 0.89019608 0.96078431
v -0.01167259 -0.01368119 -0.00346995 0.43529412 0.89019608 0.96078431
v -0.00672471 -0.01017964 0.02779448 0.43529412 0.89019608 0.96078431
v -0.01055032 -0.00826745 0.02031439 0.43529412 0.89019608 0.96078431
v -0.00947040 -0.00955170 0.02031439 0.43529412 0.89019608 0.96078431
v -0.01307014 -0.01088918 0.00416875 0.43529412 0.89019608 0.96078431
v -0.01323954 -0.01107720 0.00301669 0.43529412 0.89019608 0.96078431
v -0.01246665 -0.01241467 0.00085448 0.43529412 0.89019608 0.96078431
v -0.01267487 -0.01262753 -0.00131609 0.43529412 0.89019608 0.96078431
v -0.01275252 -0.01271977 -0.00346995 0.43529412 0.89019608 0.96078431
v -0.01163024 -0.01365636 -0.04021922 0.43529412 0.89019608 0.96078431
v -0.01141849 -0.01347898 -0.04237309 0.43529412 0.89019608 0.96078431
v -0.01250548 -0.01247144 -0.04237309 0.43529412 0.89019608 0.96078431
v -0.01325013 -0.01110913 -0.04404275 0.43529412 0.89019608 0.96078431
v -0.01206433 -0.01203153 -0.04476905 0.43529412 0.89019608 0.96078431
v -0.01298544 -0.01078275 -0.04549535 0.43529412 0.89019608 0.96078431
v -0.01154202 -0.01150292 -0.04670586 0.43529412 0.89019608 0.96078431
v -0.01109734 -0.01106301 -0.04804159 0.43529412 0.89019608 0.96078431
v -0.01034563 -0.01258496 -0.04670586 0.43529412 0.89019608 0.96078431
v -0.00960804 -0.01179028 -0.04868441 0.43529412 0.89019608 0.96078431
v -0.00897985 -0.01107011 -0.05016206 0.43529412 0.89019608 0.96078431
v -0.00763524 -0.01261689 -0.04944411 0.43529412 0.89019608 0.96078431
v -0.00763524 -0.01153485 -0.05061287 0.43529412 0.89019608 0.96078431
v -0.00646709 -0.01080048 -0.05207382 0.43529412 0.89019608 0.96078431
v -0.00575773 -0.01207055 -0.05115551 0.43529412 0.89019608 0.96078431
v -0.00330849 -0.01354283 -0.05056278 0.43529412 0.89019608 0.96078431
v -0.00502719 -0.01115880 -0.05237436 0.43529412 0.89019608 0.96078431
v -0.00330849 -0.01255303 -0.05164806 0.43529412 0.89019608 0.96078431
v -0.00114864 -0.01277654 -0.05187346 0.43529412 0.89019608 0.96078431
v 0.00100061 -0.01282266 -0.05190685 0.43529412 0.89019608 0.96078431
v 0.00316752 -0.01158452 -0.05275839 0.43529412 0.89019608 0.96078431
v 0.01700887 -0.00542222 -0.04250666 0.43529412 0.89019608 0.96078431
v 0.01652185 -0.00544705 -0.04453530 0.43529412 0.89019608 0.96078431
v 0.01557251 -0.00544705 -0.04678934 0.43529412 0.89019608 0.96078431
v 0.01731591 -0.00468075 -0.04187218 0.43529412 0.89019608 0.96078431
v 0.01705828 -0.00600758 -0.04021922 0.43529412 0.89019608 0.96078431
v 0.01712534 -0.00613175 -0.00346995 0.43529412 0.89019608 0.96078431
v 0.01739002 -0.00492199 -0.04021922 0.43529412 0.89019608 0.96078431
v 0.01706181 -0.00600403 -0.00131609 0.43529412 0.89019608 0.96078431
v 0.01642303 -0.00761113 -0.00131609 0.43529412 0.89019608 0.96078431
v 0.01550192 -0.00938851 -0.00131609 0.43529412 0.89019608 0.96078431
v 0.01559721 -0.00947365 -0.00346995 0.43529412 0.89019608 0.96078431
v 0.01480668 -0.01055569 -0.00346995 0.43529412 0.89019608 0.96078431
v 0.01372323 -0.01159871 -0.00346995 0.43529412 0.89019608 0.96078431
v 0.01298916 -0.00669583 -0.05005353 0.43529412 0.89019608 0.96078431
v 0.01440435 -0.00544705 -0.04875954 0.43529412 0.89019608 0.96078431
v 0.01516665 -0.00472687 -0.04795811 0.43529412 0.89019608 0.96078431
v 0.00316752 -0.01005547 -0.05383532 0.43529412 0.89019608 0.96078431
v 0.00447330 -0.00878186 -0.05431117 0.43529412 0.89019608 0.96078431
v 0.00100061 -0.00620980 -0.05630642 0.43529412 0.89019608 0.96078431
v 0.00320634 -0.00545769 -0.05608936 0.43529412 0.89019608 0.96078431
v 0.00680608 -0.00699383 -0.05442805 0.43529412 0.89019608 0.96078431
v 0.01085755 -0.00671357 -0.05220739 0.43529412 0.89019608 0.96078431
v 0.00824597 -0.00611046 -0.05412751 0.43529412 0.89019608 0.96078431
v 0.01143986 -0.00546124 0.02779448 0.43529412 0.89019608 0.96078431
v 0.01533252 -0.00915791 0.00085448 0.43529412 0.89019608 0.96078431
v 0.01517724 -0.00889893 0.00239891 0.43529412 0.89019608 0.96078431
v -0.00714468 -0.00964749 0.02779448 0.43529412 0.89019608 0.96078431
v -0.01109381 -0.00463108 0.02779448 0.43529412 0.89019608 0.96078431
v -0.01152084 -0.00407410 0.02779448 0.43529412 0.89019608 0.96078431
v -0.01134085 -0.00718541 0.02031439 0.43529412 0.89019608 0.96078431
v -0.01438652 -0.00957299 0.00284137 0.43529412 0.89019608 0.96078431
v -0.01522293 -0.00872510 0.00200654 0.43529412 0.89019608 0.96078431
v -0.01456297 -0.00995259 0.00085448 0.43529412 0.89019608 0.96078431
v -0.01347952 -0.01133618 0.00085448 0.43529412 0.89019608 0.96078431
v -0.01363834 -0.01154549 -0.00131609 0.43529412 0.89019608 0.96078431
v -0.01367716 -0.01164128 -0.00346995 0.43529412 0.89019608 0.96078431
v -0.01363834 -0.01159871 -0.04021922 0.43529412 0.89019608 0.96078431
v -0.01270664 -0.01268075 -0.04021922 0.43529412 0.89019608 0.96078431
v -0.01347246 -0.01138940 -0.04237309 0.43529412 0.89019608 0.96078431
v -0.01465826 -0.00964749 -0.04243988 0.43529412 0.89019608 0.96078431
v -0.01515234 -0.00859029 -0.04319957 0.43529412 0.89019608 0.96078431
v -0.01382185 -0.00994550 -0.04467722 0.43529412 0.89019608 0.96078431
v -0.01494412 -0.00818585 -0.04453530 0.43529412 0.89019608 0.96078431
v -0.01339835 -0.00922887 -0.04670586 0.43529412 0.89019608 0.96078431
v -0.01309132 -0.00876767 -0.04784958 0.43529412 0.89019608 0.96078431
v -0.01262547 -0.01031091 -0.04670586 0.43529412 0.89019608 0.96078431
v -0.01181729 -0.00958363 -0.04866771 0.43529412 0.89019608 0.96078431
v -0.01110087 -0.00896279 -0.05017040 0.43529412 0.89019608 0.96078431
v -0.01041621 -0.01039960 -0.04948585 0.43529412 0.89019608 0.96078431
v -0.00962568 -0.00960137 -0.05088837 0.43529412 0.89019608 0.96078431
v -0.00882809 -0.00879960 -0.05218235 0.43529412 0.89019608 0.96078431
v -0.00763524 -0.01035703 -0.05169815 0.43529412 0.89019608 0.96078431
v -0.00763524 -0.00927144 -0.05252463 0.43529412 0.89019608 0.96078431
v -0.00584595 -0.00820359 -0.05402733 0.43529412 0.89019608 0.96078431
v -0.00543304 -0.00975037 -0.05320084 0.43529412 0.89019608 0.96078431
v -0.00440606 -0.00869671 -0.05426943 0.43529412 0.89019608 0.96078431
v -0.00330849 -0.00999871 -0.05373514 0.43529412 0.89019608 0.96078431
v -0.00330849 -0.01147099 -0.05264986 0.43529412 0.89019608 0.96078431
v -0.00114864 -0.01170159 -0.05285022 0.43529412 0.89019608 0.96078431
v 0.00100061 -0.01173707 -0.05287526 0.43529412 0.89019608 0.96078431
v 0.00100061 -0.01027188 -0.05395219 0.43529412 0.89019608 0.96078431
v 0.01719945 -0.00422310 -0.04331645 0.43529412 0.89019608 0.96078431
v 0.01614070 -0.00328652 -0.04670586 0.43529412 0.89019608 0.96078431
v 0.01698770 -0.00341778 -0.04451026 0.43529412 0.89019608 0.96078431
v 0.01773235 -0.00328652 -0.04021922 0.43529412 0.89019608 0.96078431
v 0.01746061 -0.00341778 -0.04250666 0.43529412 0.89019608 0.96078431
v 0.01739708 -0.00504971 -0.00346995 0.43529412 0.89019608 0.96078431
v 0.01737591 -0.00492199 -0.00131609 0.43529412 0.89019608 0.96078431
v 0.01602777 -0.00761113 0.00085448 0.43529412 0.89019608 0.96078431
v 0.01727709 -0.00454239 -0.00000540 0.43529412 0.89019608 0.96078431
v 0.01282682 -0.00261246 0.02779448 0.43529412 0.89019608 0.96078431
v 0.01261154 -0.00327587 0.02779448 0.43529412 0.89019608 0.96078431
v 0.01324326 -0.00544705 -0.05036242 0.43529412 0.89019608 0.96078431
v 0.01225510 -0.00544705 -0.05144770 0.43529412 0.89019608 0.96078431
v 0.01465492 -0.00328652 -0.04932723 0.43529412 0.89019608 0.96078431
v 0.01533605 -0.00328652 -0.04825030 0.43529412 0.89019608 0.96078431
v -0.00114864 -0.00760758 -0.05546324 0.43529412 0.89019608 0.96078431
v -0.00114864 -0.00609982 -0.05628137 0.43529412 0.89019608 0.96078431
v 0.00100061 -0.00512776 -0.05667374 0.43529412 0.89019608 0.96078431
v 0.00251109 -0.00474106 -0.05655687 0.43529412 0.89019608 0.96078431
v -0.00114864 -0.01027543 -0.05391880 0.43529412 0.89019608 0.96078431
v 0.00476975 -0.00267277 -0.05659861 0.43529412 0.89019608 0.96078431
v 0.00542618 -0.00335392 -0.05613110 0.43529412 0.89019608 0.96078431
v 0.00749426 -0.00328652 -0.05533801 0.43529412 0.89019608 0.96078431
v 0.00751544 -0.00540802 -0.05465345 0.43529412 0.89019608 0.96078431
v 0.01117165 -0.00544705 -0.05248289 0.43529412 0.89019608 0.96078431
v 0.00954823 -0.00540802 -0.05361826 0.43529412 0.89019608 0.96078431
v 0.00875417 -0.00467011 -0.05437795 0.43529412 0.89019608 0.96078431
v 0.01209629 -0.00425503 0.02779448 0.43529412 0.89019608 0.96078431
v -0.01215962 -0.00318718 0.02779448 0.43529412 0.89019608 0.96078431
v -0.01262194 -0.00242089 0.02779448 0.43529412 0.89019608 0.96078431
v -0.01295368 -0.00187100 0.02779448 0.43529412 0.89019608 0.96078431
v -0.01554408 -0.00761822 0.00284137 0.43529412 0.89019608 0.96078431
v -0.01592876 -0.00761113 0.00085448 0.43529412 0.89019608 0.96078431
v -0.01531116 -0.00887055 0.00085448 0.43529412 0.89019608 0.96078431
v -0.01472532 -0.01016545 -0.00131609 0.43529412 0.89019608 0.96078431
v -0.01476414 -0.01017609 -0.00346995 0.43529412 0.89019608 0.96078431
v -0.01471826 -0.01005547 -0.04021922 0.43529412 0.89019608 0.96078431
v -0.01528998 -0.00884217 -0.04175531 0.43529412 0.89019608 0.96078431
v -0.01568525 -0.00776723 -0.04243988 0.43529412 0.89019608 0.96078431
v -0.01547350 -0.00710736 -0.04453530 0.43529412 0.89019608 0.96078431
v -0.01527586 -0.00667809 -0.04577920 0.43529412 0.89019608 0.96078431
v -0.01445357 -0.00748341 -0.04658064 0.43529412 0.89019608 0.96078431
v -0.01340188 -0.00760758 -0.04831709 0.43529412 0.89019608 0.96078431
v -0.01297838 -0.00638363 -0.04986152 0.43529412 0.89019608 0.96078431
v -0.01261841 -0.00760758 -0.04940236 0.43529412 0.89019608 0.96078431
v -0.01153849 -0.00760758 -0.05061287 0.43529412 0.89019608 0.96078431
v -0.01081854 -0.00641556 -0.05205713 0.43529412 0.89019608 0.96078431
v -0.01037386 -0.00760758 -0.05169815 0.43529412 0.89019608 0.96078431
v -0.00929394 -0.00760758 -0.05250793 0.43529412 0.89019608 0.96078431
v -0.00755054 -0.00753308 -0.05358487 0.43529412 0.89019608 0.96078431
v -0.00677765 -0.00675969 -0.05436961 0.43529412 0.89019608 0.96078431
v -0.00526364 -0.00753308 -0.05452823 0.43529412 0.89019608 0.96078431
v -0.00330849 -0.00760758 -0.05504582 0.43529412 0.89019608 0.96078431
v -0.00330849 -0.00891312 -0.05438630 0.43529412 0.89019608 0.96078431
v 0.01731944 -0.00278275 -0.04377561 0.43529412 0.89019608 0.96078431
v 0.01549486 -0.00112599 -0.04850074 0.43529412 0.89019608 0.96078431
v 0.01641950 -0.00112599 -0.04670586 0.43529412 0.89019608 0.96078431
v 0.01706181 -0.00112599 -0.04511968 0.43529412 0.89019608 0.96078431
v 0.01797939 -0.00112599 -0.04021922 0.43529412 0.89019608 0.96078431
v 0.01772529 -0.00328652 -0.00346995 0.43529412 0.89019608 0.96078431
v 0.01773235 -0.00112599 -0.04237309 0.43529412 0.89019608 0.96078431
v 0.01770765 -0.00328652 -0.00131609 0.43529412 0.89019608 0.96078431
v 0.01740061 -0.00321202 0.00077099 0.43529412 0.89019608 0.96078431
v 0.01292211 -0.00230027 0.02779448 0.43529412 0.89019608 0.96078431
v 0.01265036 -0.00328652 -0.05184007 0.43529412 0.89019608 0.96078431
v 0.01357147 -0.00328652 -0.05076314 0.43529412 0.89019608 0.96078431
v 0.01481021 -0.00112599 -0.04957768 0.43529412 0.89019608 0.96078431
v -0.00323791 -0.00537255 -0.05599753 0.43529412 0.89019608 0.96078431
v -0.00247561 -0.00459916 -0.05650678 0.43529412 0.89019608 0.96078431
v -0.00114864 -0.00501423 -0.05663200 0.43529412 0.89019608 0.96078431
v 0.00100061 -0.00328652 -0.05715794 0.43529412 0.89019608 0.96078431
v 0.00320634 -0.00335392 -0.05679897 0.43529412 0.89019608 0.96078431
v 0.00622024 -0.00112599 -0.05636486 0.43529412 0.89019608 0.96078431
v 0.00316752 -0.00112599 -0.05723308 0.43529412 0.89019608 0.96078431
v 0.00513679 -0.00112599 -0.05673218 0.43529412 0.89019608 0.96078431
v 0.00749426 -0.00112599 -0.05577212 0.43529412 0.89019608 0.96078431
v 0.00908238 -0.00328652 -0.05456997 0.43529412 0.89019608 0.96078431
v 0.01015878 -0.00328652 -0.05391045 0.43529412 0.89019608 0.96078431
v 0.01157397 -0.00328652 -0.05282517 0.43529412 0.89019608 0.96078431
v -0.01316543 -0.00090603 0.02779448 0.43529412 0.89019608 0.96078431
v -0.01743218 -0.00253086 0.00220690 0.43529412 0.89019608 0.96078431
v -0.01728396 -0.00397122 0.00123850 0.43529412 0.89019608 0.96078431
v -0.01644402 -0.00544705 0.00301669 0.43529412 0.89019608 0.96078431
v -0.01694516 -0.00523774 0.00065412 0.43529412 0.89019608 0.96078431
v -0.01705103 -0.00564572 -0.00131609 0.43529412 0.89019608 0.96078431
v -0.01621109 -0.00761113 -0.00131609 0.43529412 0.89019608 0.96078431
v -0.01544526 -0.00908341 -0.00131609 0.43529412 0.89019608 0.96078431
v -0.01544879 -0.00909405 -0.00346995 0.43529412 0.89019608 0.96078431
v -0.01536409 -0.00897343 -0.04021922 0.43529412 0.89019608 0.96078431
v -0.01603463 -0.00760758 -0.04021922 0.43529412 0.89019608 0.96078431
v -0.01663459 -0.00544705 -0.04237309 0.43529412 0.89019608 0.96078431
v -0.01610875 -0.00544705 -0.04453530 0.43529412 0.89019608 0.96078431
v -0.01549114 -0.00544705 -0.04624671 0.43529412 0.89019608 0.96078431
v -0.01497589 -0.00544705 -0.04732363 0.43529412 0.89019608 0.96078431
v -0.01385714 -0.00557831 -0.04903503 0.43529412 0.89019608 0.96078431
v -0.01326777 -0.00495038 -0.05022050 0.43529412 0.89019608 0.96078431
v -0.01207139 -0.00568120 -0.05113881 0.43529412 0.89019608 0.96078431
v -0.01116440 -0.00497876 -0.05234097 0.43529412 0.89019608 0.96078431
v -0.00976685 -0.00539383 -0.05318415 0.43529412 0.89019608 0.96078431
v -0.00822461 -0.00580891 -0.05401063 0.43529412 0.89019608 0.96078431
v -0.00755054 -0.00523064 -0.05451988 0.43529412 0.89019608 0.96078431
v -0.00546833 -0.00544705 -0.05525453 0.43529412 0.89019608 0.96078431
v -0.00871869 -0.00437210 -0.05426943 0.43529412 0.89019608 0.96078431
v 0.01739355 -0.00112599 -0.04404275 0.43529412 0.89019608 0.96078431
v 0.01481021 0.00102745 -0.04958603 0.43529412 0.89019608 0.96078431
v 0.01549839 0.00102745 -0.04850074 0.43529412 0.89019608 0.96078431
v 0.01642656 0.00102745 -0.04670586 0.43529412 0.89019608 0.96078431
v 0.01706887 0.00102745 -0.04511968 0.43529412 0.89019608 0.96078431
v 0.01798645 0.00102745 -0.04021922 0.43529412 0.89019608 0.96078431
v 0.01789822 -0.00112599 -0.00346995 0.43529412 0.89019608 0.96078431
v 0.01773235 0.00102745 -0.04237309 0.43529412 0.89019608 0.96078431
v 0.01787705 -0.00112599 -0.00131609 0.43529412 0.89019608 0.96078431
v 0.01761236 -0.00112599 0.00085448 0.43529412 0.89019608 0.96078431
v 0.01727709 -0.00244217 0.00222360 0.43529412 0.89019608 0.96078431
v 0.01296093 -0.00195259 0.02779448 0.43529412 0.89019608 0.96078431
v 0.01284094 -0.00112599 -0.05204043 0.43529412 0.89019608 0.96078431
v 0.01372676 -0.00112599 -0.05095515 0.43529412 0.89019608 0.96078431
v 0.01373382 0.00102745 -0.05095515 0.43529412 0.89019608 0.96078431
v -0.00323791 -0.00310559 -0.05662365 0.43529412 0.89019608 0.96078431
v -0.00114864 -0.00328652 -0.05705776 0.43529412 0.89019608 0.96078431
v -0.00391550 -0.00370514 -0.05628137 0.43529412 0.89019608 0.96078431
v 0.00100061 -0.00112599 -0.05749188 0.43529412 0.89019608 0.96078431
v 0.00614612 0.00102745 -0.05633981 0.43529412 0.89019608 0.96078431
v 0.00749426 0.00102745 -0.05578047 0.43529412 0.89019608 0.96078431
v 0.00316752 0.00102745 -0.05718299 0.43529412 0.89019608 0.96078431
v 0.00506267 0.00102745 -0.05670714 0.43529412 0.89019608 0.96078431
v 0.00100061 0.00102745 -0.05747517 0.43529412 0.89019608 0.96078431
v 0.00938236 0.00102745 -0.05478702 0.43529412 0.89019608 0.96078431
v 0.00937530 -0.00112599 -0.05475363 0.43529412 0.89019608 0.96078431
v 0.01045523 -0.00112599 -0.05406907 0.43529412 0.89019608 0.96078431
v 0.01175396 -0.00112599 -0.05298379 0.43529412 0.89019608 0.96078431
v -0.01322189 0.00103100 0.02779448 0.43529412 0.89019608 0.96078431
v -0.01750276 -0.00112599 0.00249909 0.43529412 0.89019608 0.96078431
v -0.01777804 -0.00112599 0.00085448 0.43529412 0.89019608 0.96078431
v -0.01802508 -0.00112599 -0.00131609 0.43529412 0.89019608 0.96078431
v -0.01749570 -0.00326523 0.00065412 0.43529412 0.89019608 0.96078431
v -0.01736866 -0.00437565 -0.00019741 0.43529412 0.89019608 0.96078431
v -0.01742512 -0.00456368 -0.00131609 0.43529412 0.89019608 0.96078431
v -0.01743924 -0.00460270 -0.00346995 0.43529412 0.89019608 0.96078431
v -0.01706162 -0.00568474 -0.00346995 0.43529412 0.89019608 0.96078431
v -0.01622874 -0.00761113 -0.00346995 0.43529412 0.89019608 0.96078431
v -0.01689575 -0.00544705 -0.04021922 0.43529412 0.89019608 0.96078431
v -0.01730160 -0.00406346 -0.04021922 0.43529412 0.89019608 0.96078431
v -0.01718161 -0.00331135 -0.04243988 0.43529412 0.89019608 0.96078431
v -0.01668047 -0.00328652 -0.04453530 0.43529412 0.89019608 0.96078431
v -0.01574171 -0.00345326 -0.04689787 0.43529412 0.89019608 0.96078431
v -0.01518411 -0.00428341 -0.04774105 0.43529412 0.89019608 0.96078431
v -0.01469708 -0.00345326 -0.04877624 0.43529412 0.89019608 0.96078431
v -0.01350776 -0.00328652 -0.05050434 0.43529412 0.89019608 0.96078431
v -0.01253018 -0.00328652 -0.05158127 0.43529412 0.89019608 0.96078431
v -0.01145026 -0.00328652 -0.05259142 0.43529412 0.89019608 0.96078431
v -0.00997860 -0.00328652 -0.05366835 0.43529412 0.89019608 0.96078431
v -0.00763524 -0.00328652 -0.05497903 0.43529412 0.89019608 0.96078431
v -0.00528482 -0.00310559 -0.05595579 0.43529412 0.89019608 0.96078431
v -0.00890221 -0.00328652 -0.05437795 0.43529412 0.89019608 0.96078431
v 0.01739002 0.00102745 -0.04403440 0.43529412 0.89019608 0.96078431
v 0.01465492 0.00318798 -0.04936897 0.43529412 0.89019608 0.96078431
v 0.01536781 0.00318798 -0.04827534 0.43529412 0.89019608 0.96078431
v 0.01615482 0.00318798 -0.04670586 0.43529412 0.89019608 0.96078431
v 0.01696652 0.00328377 -0.04451026 0.43529412 0.89019608 0.96078431
v 0.01731591 0.00262390 -0.04376725 0.43529412 0.89019608 0.96078431
v 0.01746413 0.00328377 -0.04246492 0.43529412 0.89019608 0.96078431
v 0.01772882 0.00318798 -0.04021922 0.43529412 0.89019608 0.96078431
v 0.01783117 0.00103100 -0.00346995 0.43529412 0.89019608 0.96078431
v 0.01778882 0.00103100 -0.00131609 0.43529412 0.89019608 0.96078431
v 0.01753825 0.00103100 0.00085448 0.43529412 0.89019608 0.96078431
v 0.01731238 0.00103100 0.00229038 0.43529412 0.89019608 0.96078431
v 0.01301387 0.00074364 0.02779448 0.43529412 0.89019608 0.96078431
v 0.01303857 -0.00116501 0.02779448 0.43529412 0.89019608 0.96078431
v 0.01282329 0.00102745 -0.05203208 0.43529412 0.89019608 0.96078431
v 0.01357147 0.00318798 -0.05074644 0.43529412 0.89019608 0.96078431
v -0.00443782 -0.00226834 -0.05644833 0.43529412 0.89019608 0.96078431
v -0.00330849 -0.00112599 -0.05698263 0.43529412 0.89019608 0.96078431
v -0.00114864 -0.00112599 -0.05739170 0.43529412 0.89019608 0.96078431
v -0.00114864 0.00102745 -0.05746683 0.43529412 0.89019608 0.96078431
v 0.00467094 0.00276226 -0.05656522 0.43529412 0.89019608 0.96078431
v 0.00749426 0.00318798 -0.05550498 0.43529412 0.89019608 0.96078431
v 0.00917767 0.00318798 -0.05468684 0.43529412 0.89019608 0.96078431
v 0.00100061 0.00318798 -0.05724143 0.43529412 0.89019608 0.96078431
v 0.00335103 0.00336537 -0.05679897 0.43529412 0.89019608 0.96078431
v 0.01046581 0.00102745 -0.05406072 0.43529412 0.89019608 0.96078431
v 0.01173631 0.00102745 -0.05297544 0.43529412 0.89019608 0.96078431
v -0.01316543 0.00159862 0.02779448 0.43529412 0.89019608 0.96078431
v -0.01745336 0.00259552 0.00228204 0.43529412 0.89019608 0.96078431
v -0.01782039 0.00103100 0.00085448 0.43529412 0.89019608 0.96078431
v -0.01770745 -0.00328652 -0.00131609 0.43529412 0.89019608 0.96078431
v -0.01806743 0.00103100 -0.00131609 0.43529412 0.89019608 0.96078431
v -0.01802861 -0.00112599 -0.00346995 0.43529412 0.89019608 0.96078431
v -0.01772863 -0.00328652 -0.00346995 0.43529412 0.89019608 0.96078431
v -0.01751688 -0.00298497 -0.04021922 0.43529412 0.89019608 0.96078431
v -0.01744277 -0.00260536 -0.04175531 0.43529412 0.89019608 0.96078431
v -0.01731925 -0.00170071 -0.04319957 0.43529412 0.89019608 0.96078431
v -0.01617227 -0.00112599 -0.04670586 0.43529412 0.89019608 0.96078431
v -0.01705809 -0.00103729 -0.04436833 0.43529412 0.89019608 0.96078431
v -0.01533233 -0.00284306 -0.04800820 0.43529412 0.89019608 0.96078431
v -0.01476414 -0.00112599 -0.04927714 0.43529412 0.89019608 0.96078431
v -0.01367716 -0.00112599 -0.05070470 0.43529412 0.89019608 0.96078431
v -0.01272428 -0.00112599 -0.05178998 0.43529412 0.89019608 0.96078431
v -0.01164436 -0.00112599 -0.05276673 0.43529412 0.89019608 0.96078431
v -0.01024329 -0.00112599 -0.05384366 0.43529412 0.89019608 0.96078431
v -0.00763524 -0.00112599 -0.05532967 0.43529412 0.89019608 0.96078431
v -0.00581419 -0.00112599 -0.05615615 0.43529412 0.89019608 0.96078431
v -0.00473780 -0.00112599 -0.05657357 0.43529412 0.89019608 0.96078431
v -0.00916336 -0.00112599 -0.05452823 0.43529412 0.89019608 0.96078431
v 0.01323973 0.00535561 -0.05035407 0.43529412 0.89019608 0.96078431
v 0.01519489 0.00466026 -0.04799984 0.43529412 0.89019608 0.96078431
v 0.01554780 0.00536625 -0.04676429 0.43529412 0.89019608 0.96078431
v 0.01642303 0.00535561 -0.04453530 0.43529412 0.89019608 0.96078431
v 0.01718533 0.00406071 -0.04324966 0.43529412 0.89019608 0.96078431
v 0.01730885 0.00457512 -0.04180540 0.43529412 0.89019608 0.96078431
v 0.01738649 0.00483410 -0.04021922 0.43529412 0.89019608 0.96078431
v 0.01728768 0.00446160 -0.00169176 0.43529412 0.89019608 0.96078431
v 0.01753825 0.00319153 -0.00346995 0.43529412 0.89019608 0.96078431
v 0.01745708 0.00340084 -0.00110738 0.43529412 0.89019608 0.96078431
v 0.01732650 0.00271614 0.00085448 0.43529412 0.89019608 0.96078431
v 0.01724180 0.00220882 0.00203159 0.43529412 0.89019608 0.96078431
v 0.01277388 0.00170151 0.02779448 0.43529412 0.89019608 0.96078431
v 0.01712534 0.00379818 0.00085448 0.43529412 0.89019608 0.96078431
v 0.01722062 0.00426293 -0.00024750 0.43529412 0.89019608 0.96078431
v 0.01261507 0.00318798 -0.05182338 0.43529412 0.89019608 0.96078431
v 0.01152809 0.00318798 -0.05279178 0.43529412 0.89019608 0.96078431
v -0.00330849 0.00102745 -0.05714124 0.43529412 0.89019608 0.96078431
v -0.00114864 0.00318798 -0.05719134 0.43529412 0.89019608 0.96078431
v 0.00419803 0.00420262 -0.05641494 0.43529412 0.89019608 0.96078431
v 0.00536618 0.00336537 -0.05621458 0.43529412 0.89019608 0.96078431
v 0.00533089 0.00535561 -0.05573039 0.43529412 0.89019608 0.96078431
v 0.00761073 0.00544430 -0.05486216 0.43529412 0.89019608 0.96078431
v 0.00887063 0.00478443 -0.05447813 0.43529412 0.89019608 0.96078431
v 0.01025759 0.00318798 -0.05387705 0.43529412 0.89019608 0.96078431
v 0.00101120 0.00551880 -0.05670714 0.43529412 0.89019608 0.96078431
v 0.00275460 0.00491570 -0.05660695 0.43529412 0.89019608 0.96078431
v -0.01309132 0.00229752 0.02779448 0.43529412 0.89019608 0.96078431
v -0.01732278 0.00403587 0.00163922 0.43529412 0.89019608 0.96078431
v -0.01756629 0.00326603 0.00089622 0.43529412 0.89019608 0.96078431
v -0.01783450 0.00319153 -0.00131609 0.43529412 0.89019608 0.96078431
v -0.01783450 0.00319153 -0.00346995 0.43529412 0.89019608 0.96078431
v -0.01806037 0.00103100 -0.00346995 0.43529412 0.89019608 0.96078431
v -0.01780627 0.00102745 -0.04021922 0.43529412 0.89019608 0.96078431
v -0.01775333 -0.00112599 -0.04021922 0.43529412 0.89019608 0.96078431
v -0.01750629 -0.00103729 -0.04243988 0.43529412 0.89019608 0.96078431
v -0.01738630 -0.00026390 -0.04352515 0.43529412 0.89019608 0.96078431
v -0.01621109 0.00102745 -0.04670586 0.43529412 0.89019608 0.96078431
v -0.01543821 -0.00112599 -0.04819186 0.43529412 0.89019608 0.96078431
v -0.01709691 0.00112678 -0.04436833 0.43529412 0.89019608 0.96078431
v -0.01545938 0.00102745 -0.04820856 0.43529412 0.89019608 0.96078431
v -0.01477119 0.00102745 -0.04928549 0.43529412 0.89019608 0.96078431
v -0.01369127 0.00102745 -0.05071305 0.43529412 0.89019608 0.96078431
v -0.01273487 0.00102745 -0.05180667 0.43529412 0.89019608 0.96078431
v -0.01164789 0.00102745 -0.05276673 0.43529412 0.89019608 0.96078431
v -0.01025034 0.00102745 -0.05385201 0.43529412 0.89019608 0.96078431
v -0.00763524 0.00102745 -0.05535471 0.43529412 0.89019608 0.96078431
v -0.00601888 0.00102745 -0.05618119 0.43529412 0.89019608 0.96078431
v -0.00493543 0.00102745 -0.05667374 0.43529412 0.89019608 0.96078431
v -0.00916689 0.00102745 -0.05452823 0.43529412 0.89019608 0.96078431
v 0.01298563 0.00659729 -0.05004518 0.43529412 0.89019608 0.96078431
v 0.01438671 0.00536625 -0.04877624 0.43529412 0.89019608 0.96078431
v 0.01222686 0.00535561 -0.05143100 0.43529412 0.89019608 0.96078431
v 0.01493373 0.00609707 -0.04753234 0.43529412 0.89019608 0.96078431
v 0.01528312 0.00692368 -0.04609643 0.43529412 0.89019608 0.96078431
v 0.01554427 0.00759774 -0.04456869 0.43529412 0.89019608 0.96078431
v 0.01616188 0.00751614 -0.04237309 0.43529412 0.89019608 0.96078431
v 0.01696652 0.00532013 -0.04246492 0.43529412 0.89019608 0.96078431
v 0.01706181 0.00590904 -0.04021922 0.43529412 0.89019608 0.96078431
v 0.01689241 0.00551525 -0.00346995 0.43529412 0.89019608 0.96078431
v 0.01609129 0.00751614 -0.00131609 0.43529412 0.89019608 0.96078431
v 0.01695594 0.00524918 -0.00110738 0.43529412 0.89019608 0.96078431
v 0.01245273 0.00224075 0.02779448 0.43529412 0.89019608 0.96078431
v 0.01667360 0.00535206 0.00085448 0.43529412 0.89019608 0.96078431
v 0.01565015 0.00772900 0.00105483 0.43529412 0.89019608 0.96078431
v 0.01506078 0.00859108 0.00191471 0.43529412 0.89019608 0.96078431
v 0.01115047 0.00535561 -0.05244950 0.43529412 0.89019608 0.96078431
v -0.00470251 0.00252457 -0.05657357 0.43529412 0.89019608 0.96078431
v -0.00329084 0.00322346 -0.05675723 0.43529412 0.89019608 0.96078431
v -0.00101101 0.00533077 -0.05665705 0.43529412 0.89019608 0.96078431
v -0.00019577 0.00647667 -0.05645669 0.43529412 0.89019608 0.96078431
v 0.00335103 0.00551880 -0.05625633 0.43529412 0.89019608 0.96078431
v 0.00539089 0.00763676 -0.05482877 0.43529412 0.89019608 0.96078431
v 0.00696489 0.00698754 -0.05456162 0.43529412 0.89019608 0.96078431
v 0.00840479 0.00622124 -0.05416925 0.43529412 0.89019608 0.96078431
v 0.01085049 0.00662922 -0.05220739 0.43529412 0.89019608 0.96078431
v 0.00029478 0.00647667 -0.05645669 0.43529412 0.89019608 0.96078431
v 0.00173468 0.00635605 -0.05640660 0.43529412 0.89019608 0.96078431
v -0.01292545 0.00288288 0.02779448 0.43529412 0.89019608 0.96078431
v -0.01705103 0.00525273 0.00089622 0.43529412 0.89019608 0.96078431
v -0.01742865 0.00446514 0.00019496 0.43529412 0.89019608 0.96078431
v -0.01277369 0.00337956 0.02779448 0.43529412 0.89019608 0.96078431
v -0.01751335 0.00475605 -0.00131609 0.43529412 0.89019608 0.96078431
v -0.01751688 0.00480217 -0.00346995 0.43529412 0.89019608 0.96078431
v -0.01739336 0.00436226 -0.04021922 0.43529412 0.89019608 0.96078431
v -0.01759805 0.00318798 -0.04021922 0.43529412 0.89019608 0.96078431
v -0.01746394 0.00318798 -0.04184714 0.43529412 0.89019608 0.96078431
v -0.01753100 0.00112678 -0.04257345 0.43529412 0.89019608 0.96078431
v -0.01738630 0.00047047 -0.04352515 0.43529412 0.89019608 0.96078431
v -0.01597111 0.00318798 -0.04670586 0.43529412 0.89019608 0.96078431
v -0.01533233 0.00318798 -0.04799984 0.43529412 0.89019608 0.96078431
v -0.01682517 0.00318798 -0.04453530 0.43529412 0.89019608 0.96078431
v -0.01735807 0.00191082 -0.04341662 0.43529412 0.89019608 0.96078431
v -0.01462650 0.00318798 -0.04908513 0.43529412 0.89019608 0.96078431
v -0.01354305 0.00318798 -0.05054608 0.43529412 0.89019608 0.96078431
v -0.01254782 0.00318798 -0.05162302 0.43529412 0.89019608 0.96078431
v -0.01147143 0.00318798 -0.05260811 0.43529412 0.89019608 0.96078431
v -0.01000330 0.00318798 -0.05369340 0.43529412 0.89019608 0.96078431
v -0.00891985 0.00318798 -0.05438630 0.43529412 0.89019608 0.96078431
v -0.00763524 0.00318798 -0.05507087 0.43529412 0.89019608 0.96078431
v 0.01171161 0.00733166 -0.05092176 0.43529412 0.89019608 0.96078431
v 0.01113283 0.00912323 -0.05035407 0.43529412 0.89019608 0.96078431
v 0.01256919 0.00803765 -0.04951924 0.43529412 0.89019608 0.96078431
v 0.01343031 0.00739552 -0.04882633 0.43529412 0.89019608 0.96078431
v 0.01310915 0.00894585 -0.04808333 0.43529412 0.89019608 0.96078431
v 0.01460905 0.00759774 -0.04676429 0.43529412 0.89019608 0.96078431
v 0.01494785 0.00836403 -0.04530334 0.43529412 0.89019608 0.96078431
v 0.01519489 0.00883587 -0.04386743 0.43529412 0.89019608 0.96078431
v 0.01537487 0.00913743 -0.04237309 0.43529412 0.89019608 0.96078431
v 0.01643009 0.00751614 -0.04021922 0.43529412 0.89019608 0.96078431
v 0.01533958 0.00904873 -0.00131609 0.43529412 0.89019608 0.96078431
v 0.01520900 0.00883942 0.00047880 0.43529412 0.89019608 0.96078431
v 0.01187748 0.00317734 0.02779448 0.43529412 0.89019608 0.96078431
v 0.01458081 0.00960572 0.00105483 0.43529412 0.89019608 0.96078431
v 0.01405850 0.00967667 0.00301669 0.43529412 0.89019608 0.96078431
v -0.00399668 0.00396492 -0.05633146 0.43529412 0.89019608 0.96078431
v -0.00873986 0.00431614 -0.05427777 0.43529412 0.89019608 0.96078431
v -0.00756818 0.00516403 -0.05456997 0.43529412 0.89019608 0.96078431
v -0.00546833 0.00535561 -0.05537975 0.43529412 0.89019608 0.96078431
v -0.00255678 0.00459995 -0.05652347 0.43529412 0.89019608 0.96078431
v -0.00163567 0.00603676 -0.05631476 0.43529412 0.89019608 0.96078431
v -0.00330849 0.00751614 -0.05518774 0.43529412 0.89019608 0.96078431
v -0.00330849 0.00889618 -0.05444474 0.43529412 0.89019608 0.96078431
v -0.00114864 0.00922612 -0.05465345 0.43529412 0.89019608 0.96078431
v -0.00114864 0.01030816 -0.05398559 0.43529412 0.89019608 0.96078431
v 0.00100061 0.01038975 -0.05402733 0.43529412 0.89019608 0.96078431
v 0.00100061 0.00930771 -0.05470354 0.43529412 0.89019608 0.96078431
v 0.00471682 0.00886780 -0.05443639 0.43529412 0.89019608 0.96078431
v 0.00616377 0.00843499 -0.05417759 0.43529412 0.89019608 0.96078431
v 0.00761073 0.00763676 -0.05387705 0.43529412 0.89019608 0.96078431
v 0.00893416 0.00896359 -0.05237436 0.43529412 0.89019608 0.96078431
v 0.00965764 0.00741326 -0.05269160 0.43529412 0.89019608 0.96078431
v 0.01037759 0.00806958 -0.05179833 0.43529412 0.89019608 0.96078431
v 0.00101120 0.00732457 -0.05589735 0.43529412 0.89019608 0.96078431
v 0.00316752 0.00914097 -0.05461171 0.43529412 0.89019608 0.96078431
v -0.01622874 0.00751614 0.00085448 0.43529412 0.89019608 0.96078431
v -0.01717102 0.00583809 -0.00131609 0.43529412 0.89019608 0.96078431
v -0.01163024 0.00534497 0.02779448 0.43529412 0.89019608 0.96078431
v -0.01534292 0.00883942 0.00253249 0.43529412 0.89019608 0.96078431
v -0.01720631 0.00588066 -0.00346995 0.43529412 0.89019608 0.96078431
v -0.01704397 0.00544430 -0.04021922 0.43529412 0.89019608 0.96078431
v -0.01737218 0.00429840 -0.04134624 0.43529412 0.89019608 0.96078431
v -0.01646519 0.00751614 -0.03373258 0.43529412 0.89019608 0.96078431
v -0.01642284 0.00751614 -0.03804866 0.43529412 0.89019608 0.96078431
v -0.01726631 0.00318798 -0.04292407 0.43529412 0.89019608 0.96078431
v -0.01552643 0.00517822 -0.04666411 0.43529412 0.89019608 0.96078431
v -0.01522646 0.00434807 -0.04782453 0.43529412 0.89019608 0.96078431
v -0.01631697 0.00535561 -0.04453530 0.43529412 0.89019608 0.96078431
v -0.01329954 0.00498665 -0.05025389 0.43529412 0.89019608 0.96078431
v -0.01118204 0.00496536 -0.05236601 0.43529412 0.89019608 0.96078431
v 0.01054346 0.01056359 -0.04976134 0.43529412 0.89019608 0.96078431
v 0.01188101 0.00975472 -0.04892651 0.43529412 0.89019608 0.96078431
v 0.00973881 0.00976182 -0.05108873 0.43529412 0.89019608 0.96078431
v 0.01263272 0.01038621 -0.04736537 0.43529412 0.89019608 0.96078431
v 0.01347972 0.00966603 -0.04666411 0.43529412 0.89019608 0.96078431
v 0.01305622 0.01096093 -0.04592946 0.43529412 0.89019608 0.96078431
v 0.01447847 0.00960572 -0.04456869 0.43529412 0.89019608 0.96078431
v 0.01472198 0.01021946 -0.04237309 0.43529412 0.89019608 0.96078431
v 0.01487020 0.01045361 -0.04021922 0.43529412 0.89019608 0.96078431
v 0.01551251 0.00937157 -0.04021922 0.43529412 0.89019608 0.96078431
v 0.01463022 0.01013077 -0.00131609 0.43529412 0.89019608 0.96078431
v 0.01042346 0.00815827 0.02031439 0.43529412 0.89019608 0.96078431
v 0.01122105 0.00410683 0.02779448 0.43529412 0.89019608 0.96078431
v 0.01312327 0.01104252 0.00301669 0.43529412 0.89019608 0.96078431
v 0.01338090 0.01136536 0.00085448 0.43529412 0.89019608 0.96078431
v -0.00329084 0.00533077 -0.05608936 0.43529412 0.89019608 0.96078431
v -0.00824578 0.00576004 -0.05405237 0.43529412 0.89019608 0.96078431
v -0.00980214 0.00536270 -0.05320084 0.43529412 0.89019608 0.96078431
v -0.00679883 0.00667889 -0.05437795 0.43529412 0.89019608 0.96078431
v -0.00531305 0.00744519 -0.05457831 0.43529412 0.89019608 0.96078431
v -0.00449076 0.00865849 -0.05430282 0.43529412 0.89019608 0.96078431
v -0.00330849 0.00997822 -0.05379358 0.43529412 0.89019608 0.96078431
v -0.00330849 0.01153210 -0.05271664 0.43529412 0.89019608 0.96078431
v -0.00114864 0.01175206 -0.05290031 0.43529412 0.89019608 0.96078431
v 0.00100061 0.01177689 -0.05295040 0.43529412 0.89019608 0.96078431
v 0.00316752 0.01022656 -0.05390210 0.43529412 0.89019608 0.96078431
v 0.00533089 0.01123410 -0.05251628 0.43529412 0.89019608 0.96078431
v 0.00539089 0.00962700 -0.05367670 0.43529412 0.89019608 0.96078431
v 0.00666844 0.01092190 -0.05224914 0.43529412 0.89019608 0.96078431
v 0.00742721 0.00968377 -0.05272499 0.43529412 0.89019608 0.96078431
v 0.00811187 0.01041104 -0.05181503 0.43529412 0.89019608 0.96078431
v -0.01550526 0.00911259 0.00085448 0.43529412 0.89019608 0.96078431
v -0.01652871 0.00751614 -0.00131609 0.43529412 0.89019608 0.96078431
v -0.01664165 0.00751614 -0.00346995 0.43529412 0.89019608 0.96078431
v -0.01094559 0.00610771 0.02779448 0.43529412 0.89019608 0.96078431
v -0.01473237 0.01019463 0.00085448 0.43529412 0.89019608 0.96078431
v -0.01655695 0.00751614 -0.01860544 0.43529412 0.89019608 0.96078431
v -0.01635226 0.00751614 -0.04021922 0.43529412 0.89019608 0.96078431
v -0.01694869 0.00514984 -0.04219777 0.43529412 0.89019608 0.96078431
v -0.01571701 0.00937512 -0.03373258 0.43529412 0.89019608 0.96078431
v -0.01566760 0.00932545 -0.03804866 0.43529412 0.89019608 0.96078431
v -0.01497589 0.00578842 -0.04734868 0.43529412 0.89019608 0.96078431
v -0.01534998 0.00670727 -0.04591277 0.43529412 0.89019608 0.96078431
v -0.01413595 0.00538754 -0.04888477 0.43529412 0.89019608 0.96078431
v -0.01604875 0.00751614 -0.04237309 0.43529412 0.89019608 0.96078431
v -0.01553702 0.00746647 -0.04438503 0.43529412 0.89019608 0.96078431
v -0.01303838 0.00642700 -0.04993665 0.43529412 0.89019608 0.96078431
v -0.01210668 0.00569618 -0.05117220 0.43529412 0.89019608 0.96078431
v -0.01086795 0.00641281 -0.05209887 0.43529412 0.89019608 0.96078431
v 0.00910709 0.01118798 -0.05037076 0.43529412 0.89019608 0.96078431
v 0.00974234 0.01191525 -0.04895156 0.43529412 0.89019608 0.96078431
v 0.01118929 0.01120217 -0.04831709 0.43529412 0.89019608 0.96078431
v 0.01177513 0.01180173 -0.04662238 0.43529412 0.89019608 0.96078431
v 0.01092108 0.01306115 -0.04588772 0.43529412 0.89019608 0.96078431
v 0.01235039 0.01239064 -0.04453530 0.43529412 0.89019608 0.96078431
v 0.01333502 0.01130860 -0.04453530 0.43529412 0.89019608 0.96078431
v 0.01364206 0.01169175 -0.04237309 0.43529412 0.89019608 0.96078431
v 0.01293270 0.01295472 -0.03970997 0.43529412 0.89019608 0.96078431
v 0.01293270 0.01295472 -0.03900872 0.43529412 0.89019608 0.96078431
v 0.01356442 0.01157822 -0.00346995 0.43529412 0.89019608 0.96078431
v 0.01289035 0.01290860 -0.04114588 0.43529412 0.89019608 0.96078431
v 0.01363147 0.01205006 -0.04034445 0.43529412 0.89019608 0.96078431
v 0.01354677 0.01156048 -0.00131609 0.43529412 0.89019608 0.96078431
v 0.00934001 0.00943188 0.02031439 0.43529412 0.89019608 0.96078431
v 0.00662962 0.00983632 0.02779448 0.43529412 0.89019608 0.96078431
v 0.00704606 0.00934319 0.02779448 0.43529412 0.89019608 0.96078431
v 0.00812598 0.00804474 0.02779448 0.43529412 0.89019608 0.96078431
v 0.00898710 0.00696270 0.02779448 0.43529412 0.89019608 0.96078431
v 0.01063521 0.00486958 0.02779448 0.43529412 0.89019608 0.96078431
v 0.01243508 0.01244385 0.00085448 0.43529412 0.89019608 0.96078431
v 0.01210687 0.01212456 0.00301669 0.43529412 0.89019608 0.96078431
v 0.00612848 0.01042523 0.02779448 0.43529412 0.89019608 0.96078431
v 0.01262213 0.01264252 -0.00131609 0.43529412 0.89019608 0.96078431
v -0.00938923 0.00751614 -0.05258307 0.43529412 0.89019608 0.96078431
v -0.00756818 0.00744519 -0.05366001 0.43529412 0.89019608 0.96078431
v -0.00593065 0.00812279 -0.05405237 0.43529412 0.89019608 0.96078431
v -0.00531305 0.00949929 -0.05350138 0.43529412 0.89019608 0.96078431
v -0.00546833 0.01111703 -0.05238271 0.43529412 0.89019608 0.96078431
v -0.00330849 0.01261059 -0.05182338 0.43529412 0.89019608 0.96078431
v -0.00114864 0.01283410 -0.05202374 0.43529412 0.89019608 0.96078431
v 0.00100061 0.01285184 -0.05204878 0.43529412 0.89019608 0.96078431
v 0.00316752 0.01159596 -0.05281682 0.43529412 0.89019608 0.96078431
v 0.00316752 0.01267445 -0.05186512 0.43529412 0.89019608 0.96078431
v 0.00533089 0.01230904 -0.05149779 0.43529412 0.89019608 0.96078431
v 0.00667550 0.01306115 -0.05010362 0.43529412 0.89019608 0.96078431
v 0.00739192 0.01177689 -0.05095515 0.43529412 0.89019608 0.96078431
v -0.01490530 0.01041104 -0.00131609 0.43529412 0.89019608 0.96078431
v -0.01564290 0.00932900 -0.00131609 0.43529412 0.89019608 0.96078431
v -0.01572054 0.00941769 -0.00346995 0.43529412 0.89019608 0.96078431
v -0.01574171 0.00943898 -0.00563217 0.43529412 0.89019608 0.96078431
v -0.01575583 0.00943188 -0.00780273 0.43529412 0.89019608 0.96078431
v -0.01576289 0.00942833 -0.00995659 0.43529412 0.89019608 0.96078431
v -0.01572054 0.00941060 -0.02939981 0.43529412 0.89019608 0.96078431
v -0.01052562 0.00656891 0.02779448 0.43529412 0.89019608 0.96078431
v -0.01336659 0.01103543 0.00301669 0.43529412 0.89019608 0.96078431
v -0.01364892 0.01127667 0.00085448 0.43529412 0.89019608 0.96078431
v -0.01560055 0.00926159 -0.04021922 0.43529412 0.89019608 0.96078431
v -0.01496883 0.01049264 -0.02939981 0.43529412 0.89019608 0.96078431
v -0.01495471 0.01047490 -0.03157037 0.43529412 0.89019608 0.96078431
v -0.01485942 0.01040394 -0.03804866 0.43529412 0.89019608 0.96078431
v -0.01484884 0.01034009 -0.04021922 0.43529412 0.89019608 0.96078431
v -0.01350423 0.00751614 -0.04846735 0.43529412 0.89019608 0.96078431
v -0.01524057 0.00867978 -0.04356689 0.43529412 0.89019608 0.96078431
v -0.01494412 0.00814763 -0.04500280 0.43529412 0.89019608 0.96078431
v -0.01340541 0.00956669 -0.04651385 0.43529412 0.89019608 0.96078431
v -0.01316543 0.00876847 -0.04796645 0.43529412 0.89019608 0.96078431
v -0.01539938 0.00896359 -0.04237309 0.43529412 0.89019608 0.96078431
v -0.01272075 0.00751614 -0.04954428 0.43529412 0.89019608 0.96078431
v -0.01117498 0.00897778 -0.05023719 0.43529412 0.89019608 0.96078431
v -0.01164083 0.00751614 -0.05070470 0.43529412 0.89019608 0.96078431
v -0.01046915 0.00751614 -0.05177328 0.43529412 0.89019608 0.96078431
v -0.00890221 0.00879330 -0.05224079 0.43529412 0.89019608 0.96078431
v 0.00811540 0.01262833 -0.04958603 0.43529412 0.89019608 0.96078431
v 0.00893769 0.01316403 -0.04814177 0.43529412 0.89019608 0.96078431
v 0.01037759 0.01263543 -0.04732363 0.43529412 0.89019608 0.96078431
v 0.00965764 0.01352235 -0.04664742 0.43529412 0.89019608 0.96078431
v 0.00837655 0.01498399 -0.04537013 0.43529412 0.89019608 0.96078431
v 0.00961176 0.01450150 -0.04460208 0.43529412 0.89019608 0.96078431
v 0.01127046 0.01334851 -0.04453530 0.43529412 0.89019608 0.96078431
v 0.01274212 0.01277024 -0.04237309 0.43529412 0.89019608 0.96078431
v 0.01202923 0.01366780 -0.04034445 0.43529412 0.89019608 0.96078431
v 0.01047287 0.01491303 -0.04021922 0.43529412 0.89019608 0.96078431
v 0.01019760 0.01470017 -0.00346995 0.43529412 0.89019608 0.96078431
v 0.01155280 0.01361813 -0.00346995 0.43529412 0.89019608 0.96078431
v 0.01166573 0.01368554 -0.04237309 0.43529412 0.89019608 0.96078431
v 0.01135516 0.01342656 0.00085448 0.43529412 0.89019608 0.96078431
v 0.01102695 0.01316403 0.00301669 0.43529412 0.89019608 0.96078431
v 0.00504856 0.01151436 0.02779448 0.43529412 0.89019608 0.96078431
v 0.01154221 0.01358975 -0.00131609 0.43529412 0.89019608 0.96078431
v -0.00747643 0.00958088 -0.05252463 0.43529412 0.89019608 0.96078431
v -0.00664707 0.01081902 -0.05215731 0.43529412 0.89019608 0.96078431
v -0.00546833 0.01219552 -0.05144770 0.43529412 0.89019608 0.96078431
v -0.00546833 0.01330239 -0.05037076 0.43529412 0.89019608 0.96078431
v -0.00330849 0.01362878 -0.05074644 0.43529412 0.89019608 0.96078431
v -0.00114864 0.01378487 -0.05094680 0.43529412 0.89019608 0.96078431
v 0.00100061 0.01378487 -0.05095515 0.43529412 0.89019608 0.96078431
v 0.00316752 0.01364297 -0.05078819 0.43529412 0.89019608 0.96078431
v 0.00533089 0.01333432 -0.05042086 0.43529412 0.89019608 0.96078431
v 0.00538030 0.01448022 -0.04880963 0.43529412 0.89019608 0.96078431
v 0.00613907 0.01497689 -0.04758243 0.43529412 0.89019608 0.96078431
v 0.00743427 0.01351880 -0.04885972 0.43529412 0.89019608 0.96078431
v -0.01497236 0.01049973 -0.00346995 0.43529412 0.89019608 0.96078431
v -0.01382185 0.01143277 -0.00131609 0.43529412 0.89019608 0.96078431
v -0.01498295 0.01051747 -0.00563217 0.43529412 0.89019608 0.96078431
v -0.00972450 0.00733166 0.02779448 0.43529412 0.89019608 0.96078431
v -0.01315131 0.01085095 0.00437746 0.43529412 0.89019608 0.96078431
v -0.01106205 0.01306470 0.00252414 0.43529412 0.89019608 0.96078431
v -0.01235372 0.01235871 0.00085448 0.43529412 0.89019608 0.96078431
v -0.00846459 0.01055295 0.02031439 0.43529412 0.89019608 0.96078431
v -0.01083971 0.01288731 0.00396840 0.43529412 0.89019608 0.96078431
v -0.01185258 0.01225938 0.00315026 0.43529412 0.89019608 0.96078431
v -0.01254782 0.01251481 -0.00131609 0.43529412 0.89019608 0.96078431
v -0.01477825 0.01004563 -0.04237309 0.43529412 0.89019608 0.96078431
v -0.01388538 0.01153210 -0.02939981 0.43529412 0.89019608 0.96078431
v -0.01370186 0.01135827 -0.04237309 0.43529412 0.89019608 0.96078431
v -0.01442887 0.00950993 -0.04438503 0.43529412 0.89019608 0.96078431
v -0.01307014 0.01079419 -0.04567067 0.43529412 0.89019608 0.96078431
v -0.01257959 0.01021237 -0.04710658 0.43529412 0.89019608 0.96078431
v -0.01113969 0.01102124 -0.04814177 0.43529412 0.89019608 0.96078431
v -0.01187376 0.00959507 -0.04877624 0.43529412 0.89019608 0.96078431
v -0.01056444 0.01042168 -0.04958603 0.43529412 0.89019608 0.96078431
v -0.00912454 0.01110993 -0.05027058 0.43529412 0.89019608 0.96078431
v -0.00973156 0.00960572 -0.05097184 0.43529412 0.89019608 0.96078431
v -0.00809403 0.01023720 -0.05171485 0.43529412 0.89019608 0.96078431
v 0.00759308 0.01467179 -0.04679769 0.43529412 0.89019608 0.96078431
v 0.00693666 0.01532811 -0.04614653 0.43529412 0.89019608 0.96078431
v 0.00759308 0.01562257 -0.04460208 0.43529412 0.89019608 0.96078431
v 0.00885299 0.01525006 -0.04392587 0.43529412 0.89019608 0.96078431
v 0.01025759 0.01477113 -0.04237309 0.43529412 0.89019608 0.96078431
v 0.00939648 0.01555161 -0.04021922 0.43529412 0.89019608 0.96078431
v 0.00911415 0.01542035 -0.00346995 0.43529412 0.89019608 0.96078431
v 0.00918120 0.01543099 -0.04237309 0.43529412 0.89019608 0.96078431
v 0.00906474 0.01539906 -0.00131609 0.43529412 0.89019608 0.96078431
v 0.01014819 0.01466824 -0.00131609 0.43529412 0.89019608 0.96078431
v 0.00992585 0.01450505 0.00085448 0.43529412 0.89019608 0.96078431
v 0.00867653 0.01514718 0.00219855 0.43529412 0.89019608 0.96078431
v 0.00949883 0.01433831 0.00294990 0.43529412 0.89019608 0.96078431
v 0.00427920 0.01200749 0.02779448 0.43529412 0.89019608 0.96078431
v -0.00741996 0.01168820 -0.05088837 0.43529412 0.89019608 0.96078431
v -0.00674589 0.01302922 -0.05007023 0.43529412 0.89019608 0.96078431
v -0.00546833 0.01442700 -0.04879294 0.43529412 0.89019608 0.96078431
v -0.00474839 0.01523232 -0.04802489 0.43529412 0.89019608 0.96078431
v -0.00330849 0.01471082 -0.04939402 0.43529412 0.89019608 0.96078431
v -0.00114864 0.01486337 -0.04961942 0.43529412 0.89019608 0.96078431
v 0.00100061 0.01487046 -0.04962777 0.43529412 0.89019608 0.96078431
v 0.00316752 0.01472501 -0.04941071 0.43529412 0.89019608 0.96078431
v 0.00469917 0.01523232 -0.04804159 0.43529412 0.89019608 0.96078431
v 0.00538030 0.01560838 -0.04679769 0.43529412 0.89019608 0.96078431
v -0.01388891 0.01149663 -0.00346995 0.43529412 0.89019608 0.96078431
v -0.01262547 0.01257512 -0.00346995 0.43529412 0.89019608 0.96078431
v -0.01389949 0.01150017 -0.00563217 0.43529412 0.89019608 0.96078431
v -0.00746937 0.00921902 0.02779448 0.43529412 0.89019608 0.96078431
v -0.00999272 0.01376714 0.00315026 0.43529412 0.89019608 0.96078431
v -0.00853870 0.01494851 0.00301669 0.43529412 0.89019608 0.96078431
v -0.00869751 0.01506913 0.00186462 0.43529412 0.89019608 0.96078431
v -0.01127380 0.01323144 0.00085448 0.43529412 0.89019608 0.96078431
v -0.00671766 0.00983632 0.02779448 0.43529412 0.89019608 0.96078431
v -0.00738467 0.01132989 0.02031439 0.43529412 0.89019608 0.96078431
v -0.01146790 0.01338753 -0.00131609 0.43529412 0.89019608 0.96078431
v -0.01154554 0.01345849 -0.00346995 0.43529412 0.89019608 0.96078431
v -0.01334894 0.01110993 -0.04453530 0.43529412 0.89019608 0.96078431
v -0.01268899 0.01261059 -0.02939981 0.43529412 0.89019608 0.96078431
v -0.00889868 0.01523942 -0.04388413 0.43529412 0.89019608 0.96078431
v -0.01123498 0.01319596 -0.04453530 0.43529412 0.89019608 0.96078431
v -0.01231137 0.01218842 -0.04453530 0.43529412 0.89019608 0.96078431
v -0.01160907 0.01351525 -0.02939981 0.43529412 0.89019608 0.96078431
v -0.00665766 0.01730771 -0.03764794 0.43529412 0.89019608 0.96078431
v -0.01098794 0.01301148 -0.04575415 0.43529412 0.89019608 0.96078431
v -0.01178200 0.01162789 -0.04643036 0.43529412 0.89019608 0.96078431
v -0.00972450 0.01178754 -0.04877624 0.43529412 0.89019608 0.96078431
v -0.00818931 0.01254674 -0.04941906 0.43529412 0.89019608 0.96078431
v 0.00533089 0.01653077 -0.04453530 0.43529412 0.89019608 0.96078431
v 0.00749426 0.01625405 -0.04237309 0.43529412 0.89019608 0.96078431
v 0.00749426 0.01649175 -0.04021922 0.43529412 0.89019608 0.96078431
v 0.00749073 0.01624696 -0.00346995 0.43529412 0.89019608 0.96078431
v 0.00749073 0.01622922 -0.00131609 0.43529412 0.89019608 0.96078431
v 0.00749073 0.01597379 0.00085448 0.43529412 0.89019608 0.96078431
v 0.00884240 0.01525361 0.00085448 0.43529412 0.89019608 0.96078431
v 0.00757896 0.01552678 0.00294990 0.43529412 0.89019608 0.96078431
v 0.00312869 0.01262124 0.02779448 0.43529412 0.89019608 0.96078431
v -0.00753642 0.01339818 -0.04876789 0.43529412 0.89019608 0.96078431
v -0.00770935 0.01455827 -0.04673090 0.43529412 0.89019608 0.96078431
v -0.00619181 0.01492013 -0.04747390 0.43529412 0.89019608 0.96078431
v -0.00703881 0.01528199 -0.04602964 0.43529412 0.89019608 0.96078431
v -0.00546833 0.01556580 -0.04673090 0.43529412 0.89019608 0.96078431
v -0.00330849 0.01620793 -0.04670586 0.43529412 0.89019608 0.96078431
v -0.00330849 0.01540616 -0.04831709 0.43529412 0.89019608 0.96078431
v -0.00114864 0.01554097 -0.04854249 0.43529412 0.89019608 0.96078431
v 0.00100061 0.01554452 -0.04855084 0.43529412 0.89019608 0.96078431
v 0.00316752 0.01541325 -0.04834213 0.43529412 0.89019608 0.96078431
v 0.00316752 0.01623277 -0.04670586 0.43529412 0.89019608 0.96078431
v -0.01263253 0.01258221 -0.00563217 0.43529412 0.89019608 0.96078431
v -0.00745172 0.01567223 0.00301669 0.43529412 0.89019608 0.96078431
v -0.00784346 0.01580705 0.00102144 0.43529412 0.89019608 0.96078431
v -0.00490014 0.01112057 0.02779448 0.43529412 0.89019608 0.96078431
v -0.00886338 0.01519685 0.00042871 0.43529412 0.89019608 0.96078431
v -0.00967156 0.01445893 0.00102144 0.43529412 0.89019608 0.96078431
v -0.00901514 0.01531747 -0.00131609 0.43529412 0.89019608 0.96078431
v -0.01018682 0.01453698 -0.00346995 0.43529412 0.89019608 0.96078431
v -0.01020446 0.01454762 -0.00563217 0.43529412 0.89019608 0.96078431
v -0.01022564 0.01455472 -0.00780273 0.43529412 0.89019608 0.96078431
v -0.01023270 0.01456181 -0.00995659 0.43529412 0.89019608 0.96078431
v -0.01155260 0.01346558 -0.00563217 0.43529412 0.89019608 0.96078431
v -0.00644238 0.01721192 -0.04021922 0.43529412 0.89019608 0.96078431
v -0.00560950 0.01708066 -0.04249831 0.43529412 0.89019608 0.96078431
v -0.00770935 0.01560838 -0.04457704 0.43529412 0.89019608 0.96078431
v -0.00847871 0.01497334 -0.04532838 0.43529412 0.89019608 0.96078431
v -0.01023623 0.01459374 -0.02939981 0.43529412 0.89019608 0.96078431
v -0.00665766 0.01731126 -0.03649587 0.43529412 0.89019608 0.96078431
v -0.00546833 0.01764829 -0.03588645 0.43529412 0.89019608 0.96078431
v -0.00552127 0.01761991 -0.03649587 0.43529412 0.89019608 0.96078431
v -0.00568008 0.01753476 -0.03824902 0.43529412 0.89019608 0.96078431
v -0.00967862 0.01341237 -0.04657229 0.43529412 0.89019608 0.96078431
v -0.00887750 0.01303632 -0.04797480 0.43529412 0.89019608 0.96078431
v 0.00333692 0.01702745 -0.04455200 0.43529412 0.89019608 0.96078431
v 0.00416980 0.01722966 -0.04337489 0.43529412 0.89019608 0.96078431
v 0.00532736 0.01703099 -0.04254006 0.43529412 0.89019608 0.96078431
v 0.00595555 0.01710549 -0.04021922 0.43529412 0.89019608 0.96078431
v 0.00566263 0.01699552 -0.00131609 0.43529412 0.89019608 0.96078431
v 0.00522854 0.01691747 0.00086282 0.43529412 0.89019608 0.96078431
v 0.00533089 0.01647046 0.00301669 0.43529412 0.89019608 0.96078431
v 0.00216523 0.01294762 0.02779448 0.43529412 0.89019608 0.96078431
v -0.00546833 0.01647756 -0.04453530 0.43529412 0.89019608 0.96078431
v -0.00114864 0.01649529 -0.04670586 0.43529412 0.89019608 0.96078431
v -0.00341436 0.01699906 -0.04456034 0.43529412 0.89019608 0.96078431
v -0.00114864 0.01711968 -0.04521986 0.43529412 0.89019608 0.96078431
v 0.00100061 0.01649529 -0.04670586 0.43529412 0.89019608 0.96078431
v 0.00100061 0.01711614 -0.04521986 0.43529412 0.89019608 0.96078431
v -0.00547186 0.01660882 0.00301669 0.43529412 0.89019608 0.96078431
v -0.00550363 0.01701680 0.00098805 0.43529412 0.89019608 0.96078431
v -0.00619534 0.01712678 -0.00131609 0.43529412 0.89019608 0.96078431
v -0.00396138 0.01173077 0.02779448 0.43529412 0.89019608 0.96078431
v -0.00320967 0.01221326 0.02779448 0.43529412 0.89019608 0.96078431
v -0.00191094 0.01287312 0.02779448 0.43529412 0.89019608 0.96078431
v -0.00763524 0.01627889 -0.00131609 0.43529412 0.89019608 0.96078431
v -0.00658002 0.01725804 -0.00440496 0.43529412 0.89019608 0.96078431
v -0.00910690 0.01538487 -0.00346995 0.43529412 0.89019608 0.96078431
v -0.00914572 0.01540616 -0.00780273 0.43529412 0.89019608 0.96078431
v -0.00536246 0.01749574 -0.04021922 0.43529412 0.89019608 0.96078431
v -0.00498131 0.01738221 -0.04185549 0.43529412 0.89019608 0.96078431
v -0.00420490 0.01719773 -0.04329140 0.43529412 0.89019608 0.96078431
v -0.00915278 0.01540261 -0.00995659 0.43529412 0.89019608 0.96078431
v -0.00665766 0.01731126 -0.03588645 0.43529412 0.89019608 0.96078431
v -0.00486838 0.01772988 -0.03649587 0.43529412 0.89019608 0.96078431
v -0.00330849 0.01791082 -0.04021922 0.43529412 0.89019608 0.96078431
v -0.00542246 0.01757733 -0.00780273 0.43529412 0.89019608 0.96078431
v -0.00331202 0.01789308 -0.00563217 0.43529412 0.89019608 0.96078431
v 0.00272990 0.01735738 -0.04383404 0.43529412 0.89019608 0.96078431
v 0.00333692 0.01750993 -0.04254006 0.43529412 0.89019608 0.96078431
v 0.00460035 0.01734319 -0.04193898 0.43529412 0.89019608 0.96078431
v 0.00487210 0.01742833 -0.04021922 0.43529412 0.89019608 0.96078431
v 0.00457918 0.01734674 -0.00131609 0.43529412 0.89019608 0.96078431
v 0.00444154 0.01730416 0.00014487 0.43529412 0.89019608 0.96078431
v 0.00111002 0.01303277 0.02779448 0.43529412 0.89019608 0.96078431
v 0.00397569 0.01718709 0.00158913 0.43529412 0.89019608 0.96078431
v 0.00253227 0.01733254 0.00234882 0.43529412 0.89019608 0.96078431
v 0.00100414 0.01743543 0.00278294 0.43529412 0.89019608 0.96078431
v -0.00275794 0.01735738 -0.04384239 0.43529412 0.89019608 0.96078431
v -0.00114864 0.01745317 -0.04414293 0.43529412 0.89019608 0.96078431
v 0.00100061 0.01744607 -0.04412623 0.43529412 0.89019608 0.96078431
v -0.00480485 0.01735738 0.00035358 0.43529412 0.89019608 0.96078431
v -0.00511542 0.01745671 -0.00131609 0.43529412 0.89019608 0.96078431
v -0.00161096 0.01291924 0.02779448 0.43529412 0.89019608 0.96078431
v -0.00343907 0.01750283 0.00098805 0.43529412 0.89019608 0.96078431
v -0.00424372 0.01721902 0.00179783 0.43529412 0.89019608 0.96078431
v -0.00558833 0.01746736 -0.00359518 0.43529412 0.89019608 0.96078431
v -0.00565891 0.01750283 -0.00561547 0.43529412 0.89019608 0.96078431
v -0.00341436 0.01755959 -0.04249831 0.43529412 0.89019608 0.96078431
v -0.00330849 0.01793920 -0.03804866 0.43529412 0.89019608 0.96078431
v -0.00114864 0.01812013 -0.04021922 0.43529412 0.89019608 0.96078431
v -0.00114864 0.01787889 -0.04237309 0.43529412 0.89019608 0.96078431
v -0.00331202 0.01788598 -0.00346995 0.43529412 0.89019608 0.96078431
v -0.00114864 0.01800305 -0.00346995 0.43529412 0.89019608 0.96078431
v 0.00100061 0.01784696 -0.04237309 0.43529412 0.89019608 0.96078431
v 0.00316752 0.01780793 -0.04021922 0.43529412 0.89019608 0.96078431
v 0.00316752 0.01768022 -0.00131609 0.43529412 0.89019608 0.96078431
v 0.00322045 0.01744962 0.00086282 0.43529412 0.89019608 0.96078431
v -0.00114864 0.01744252 0.00280798 0.43529412 0.89019608 0.96078431
v -0.00094748 0.01301503 0.02779448 0.43529412 0.89019608 0.96078431
v 0.00100414 0.01775472 0.00085448 0.43529412 0.89019608 0.96078431
v -0.00114864 0.01778310 0.00085448 0.43529412 0.89019608 0.96078431
v -0.00331202 0.01780084 -0.00131609 0.43529412 0.89019608 0.96078431
v -0.00280382 0.01734674 0.00237387 0.43529412 0.89019608 0.96078431
v 0.00100061 0.01808110 -0.04021922 0.43529412 0.89019608 0.96078431
v -0.00114864 0.01795693 -0.00131609 0.43529412 0.89019608 0.96078431
v 0.00100414 0.01794629 -0.00131609 0.43529412 0.89019608 0.96078431
v 0.00100414 0.01795693 -0.00346995 0.43529412 0.89019608 0.96078431
f 556 557 558
f 556 558 559
f 556 559 560
f 556 560 561
f 556 561 562
f 556 562 563
f 556 563 557
f 557 564 565
f 557 565 558
f 557 563 566
f 557 566 564
f 558 565 567
f 558 567 568
f 558 568 569
f 558 569 559
f 559 569 570
f 559 570 571
f 559 571 560
f 560 571 572
f 560 572 573
f 560 573 561
f 561 573 574
f 561 574 575
f 561 575 576
f 561 576 562
f 562 577 563
f 562 576 577
f 563 577 578
f 563 578 579
f 563 579 566
f 564 580 581
f 564 581 565
f 564 566 582
f 564 582 580
f 565 581 583
f 565 583 567
f 566 579 578
f 566 578 582
f 567 584 568
f 567 583 585
f 567 585 586
f 567 586 587
f 567 587 584
f 568 584 588
f 568 588 589
f 568 589 569
f 569 589 570
f 570 590 591
f 570 591 571
f 570 589 592
f 570 592 590
f 571 591 590
f 571 590 593
f 571 593 594
f 571 594 572
f 572 594 595
f 572 595 596
f 572 596 573
f 573 596 597
f 573 597 574
f 574 597 598
f 574 598 599
f 574 599 575
f 575 599 600
f 575 600 601
f 575 601 576
f 576 601 602
f 576 602 603
f 576 603 577
f 577 603 604
f 577 604 605
f 577 605 578
f 578 605 606
f 578 606 607
f 578 607 608
f 578 608 609
f 578 609 582
f 580 610 611
f 580 611 612
f 580 612 581
f 580 582 610
f 581 612 583
f 582 609 610
f 583 612 613
f 583 613 585
f 584 587 588
f 585 614 642
f 585 642 679
f 585 679 683
f 585 683 732
f 585 732 731
f 585 731 730
f 585 730 785
f 585 785 784
f 585 784 783
f 585 783 842
f 585 842 907
f 585 907 890
f 585 890 889
f 585 889 943
f 585 943 994
f 585 994 1048
f 585 1048 1047
f 585 1047 1096
f 585 1096 1146
f 585 1146 1196
f 585 1196 1246
f 585 1246 1302
f 585 1302 1301
f 585 1301 1300
f 585 1300 1299
f 585 1299 1298
f 585 1298 1305
f 585 1305 1361
f 585 1361 1411
f 585 1411 1453
f 585 1453 1495
f 585 1495 1527
f 585 1527 1552
f 585 1552 1536
f 585 1536 1507
f 585 1507 1506
f 585 1506 1505
f 585 1505 1468
f 585 1468 1430
f 585 1430 1425
f 585 1425 1378
f 585 1378 1327
f 585 1327 1268
f 585 1268 1221
f 585 1221 1165
f 585 1165 1162
f 585 1162 1111
f 585 1111 1062
f 585 1062 1011
f 585 1011 959
f 585 959 910
f 585 910 909
f 585 909 908
f 585 908 847
f 585 847 846
f 585 846 845
f 585 845 790
f 585 790 737
f 585 737 687
f 585 687 645
f 585 645 618
f 585 618 592
f 585 592 589
f 585 589 587
f 585 587 586
f 585 613 615
f 585 615 616
f 585 616 614
f 587 589 588
f 590 617 593
f 590 592 617
f 592 618 617
f 593 617 594
f 594 617 619
f 594 619 595
f 595 619 620
f 595 620 621
f 595 621 596
f 596 621 597
f 597 622 598
f 597 621 622
f 598 622 623
f 598 623 624
f 598 624 599
f 599 624 625
f 599 625 600
f 600 625 626
f 600 626 601
f 601 626 602
f 602 627 604
f 602 604 603
f 602 626 628
f 602 628 629
f 602 629 627
f 604 627 606
f 604 606 605
f 606 627 630
f 606 630 607
f 607 631 608
f 607 630 632
f 607 632 633
f 607 633 634
f 607 634 631
f 608 631 635
f 608 635 609
f 609 635 636
f 609 636 637
f 609 637 610
f 610 638 639
f 610 639 611
f 610 637 638
f 611 639 640
f 611 640 641
f 611 641 612
f 612 641 615
f 612 615 613
f 614 616 642
f 615 641 616
f 616 641 643
f 616 643 642
f 617 644 619
f 617 618 644
f 618 645 646
f 618 646 644
f 619 644 647
f 619 647 620
f 620 647 648
f 620 648 649
f 620 649 621
f 621 649 650
f 621 650 622
f 622 650 651
f 622 651 623
f 623 652 653
f 623 653 654
f 623 654 624
f 623 651 652
f 624 654 625
f 625 654 655
f 625 655 656
f 625 656 626
f 626 656 628
f 627 629 657
f 627 657 630
f 628 658 657
f 628 657 629
f 628 656 659
f 628 659 660
f 628 660 658
f 630 657 658
f 630 658 661
f 630 661 632
f 631 662 663
f 631 663 664
f 631 664 635
f 631 634 665
f 631 665 662
f 632 661 666
f 632 666 667
f 632 667 668
f 632 668 633
f 633 669 670
f 633 670 665
f 633 665 634
f 633 668 671
f 633 671 672
f 633 672 673
f 633 673 674
f 633 674 669
f 635 664 675
f 635 675 636
f 636 675 676
f 636 676 638
f 636 638 637
f 638 676 677
f 638 677 639
f 639 677 640
f 640 678 643
f 640 643 641
f 640 677 678
f 642 643 679
f 643 680 681
f 643 681 682
f 643 682 683
f 643 683 679
f 643 678 684
f 643 684 685
f 643 685 680
f 644 646 686
f 644 686 647
f 645 687 646
f 646 688 686
f 646 687 688
f 647 686 689
f 647 689 690
f 647 690 648
f 648 690 649
f 649 691 692
f 649 692 650
f 649 690 691
f 650 692 693
f 650 693 651
f 651 693 694
f 651 694 652
f 652 694 695
f 652 695 696
f 652 696 653
f 653 696 697
f 653 697 654
f 654 697 698
f 654 698 655
f 655 698 699
f 655 699 700
f 655 700 656
f 656 700 659
f 658 660 666
f 658 666 661
f 659 700 701
f 659 701 702
f 659 702 660
f 660 702 703
f 660 703 704
f 660 704 666
f 662 705 706
f 662 706 707
f 662 707 663
f 662 665 670
f 662 670 705
f 663 707 708
f 663 708 709
f 663 709 710
f 663 710 711
f 663 711 712
f 663 712 664
f 664 712 713
f 664 713 675
f 666 704 714
f 666 714 715
f 666 715 667
f 667 715 668
f 668 715 671
f 669 674 716
f 669 716 717
f 669 717 718
f 669 718 670
f 670 718 705
f 671 715 672
f 672 715 714
f 672 714 673
f 673 714 719
f 673 719 720
f 673 720 721
f 673 721 722
f 673 722 723
f 673 723 674
f 674 723 724
f 674 724 716
f 675 713 770
f 675 770 725
f 675 725 676
f 676 725 726
f 676 726 677
f 677 726 684
f 677 684 678
f 680 685 727
f 680 727 681
f 681 727 728
f 681 728 729
f 681 729 682
f 682 729 730
f 682 730 731
f 682 731 732
f 682 732 683
f 684 726 685
f 685 733 734
f 685 734 727
f 685 726 735
f 685 735 733
f 686 688 736
f 686 736 689
f 687 737 738
f 687 738 739
f 687 739 688
f 688 739 740
f 688 740 741
f 688 741 736
f 689 736 742
f 689 742 690
f 690 742 743
f 690 743 691
f 691 743 692
f 692 743 744
f 692 744 693
f 693 745 746
f 693 746 694
f 693 744 745
f 694 746 747
f 694 747 748
f 694 748 695
f 695 748 749
f 695 749 750
f 695 750 696
f 696 750 751
f 696 751 752
f 696 752 697
f 697 752 753
f 697 753 754
f 697 754 698
f 698 754 755
f 698 755 699
f 699 755 700
f 700 755 701
f 701 755 756
f 701 756 757
f 701 757 758
f 701 758 702
f 702 758 703
f 703 714 704
f 703 758 759
f 703 759 760
f 703 760 714
f 705 761 706
f 705 718 762
f 705 762 763
f 705 763 761
f 706 761 764
f 706 764 707
f 707 764 765
f 707 765 708
f 708 765 766
f 708 766 767
f 708 767 768
f 708 768 710
f 708 710 709
f 710 768 711
f 711 768 769
f 711 769 712
f 712 769 713
f 713 769 831
f 713 831 770
f 714 760 720
f 714 720 719
f 716 771 772
f 716 772 717
f 716 724 773
f 716 773 774
f 716 774 771
f 717 772 718
f 718 772 762
f 720 760 775
f 720 775 776
f 720 776 777
f 720 777 778
f 720 778 721
f 721 778 722
f 722 779 723
f 722 778 780
f 722 780 781
f 722 781 779
f 723 779 724
f 724 779 782
f 724 782 773
f 725 770 735
f 725 735 726
f 727 734 728
f 728 783 784
f 728 784 785
f 728 785 730
f 728 730 729
f 728 734 786
f 728 786 783
f 733 786 734
f 733 735 787
f 733 787 788
f 733 788 786
f 735 770 787
f 736 741 789
f 736 789 742
f 737 790 791
f 737 791 792
f 737 792 793
f 737 793 794
f 737 794 738
f 738 794 795
f 738 795 739
f 739 795 740
f 740 795 796
f 740 796 741
f 741 796 797
f 741 797 789
f 742 789 798
f 742 798 743
f 743 798 799
f 743 799 744
f 744 799 745
f 745 799 800
f 745 800 801
f 745 801 802
f 745 802 747
f 745 747 746
f 747 802 803
f 747 803 804
f 747 804 805
f 747 805 806
f 747 806 748
f 748 806 749
f 749 806 805
f 749 805 807
f 749 807 808
f 749 808 809
f 749 809 751
f 749 751 750
f 751 808 810
f 751 810 811
f 751 811 812
f 751 812 753
f 751 753 752
f 751 809 808
f 753 813 754
f 753 812 814
f 753 814 815
f 753 815 813
f 754 813 755
f 755 813 756
f 756 816 817
f 756 817 757
f 756 813 816
f 757 817 758
f 758 817 759
f 759 817 818
f 759 818 775
f 759 775 760
f 761 819 764
f 761 763 820
f 761 820 819
f 762 820 763
f 762 772 771
f 762 771 821
f 762 821 820
f 764 819 822
f 764 822 823
f 764 823 765
f 765 824 766
f 765 823 825
f 765 825 824
f 766 824 826
f 766 826 827
f 766 827 828
f 766 828 829
f 766 829 767
f 767 829 830
f 767 830 768
f 768 830 831
f 768 831 769
f 770 831 787
f 771 774 832
f 771 832 833
f 771 833 834
f 771 834 821
f 773 782 832
f 773 832 774
f 775 818 776
f 776 818 835
f 776 835 836
f 776 836 777
f 777 836 837
f 777 837 838
f 777 838 839
f 777 839 780
f 777 780 778
f 779 781 840
f 779 840 782
f 780 839 841
f 780 841 781
f 781 841 840
f 782 840 832
f 783 786 842
f 786 788 828
f 786 828 843
f 786 843 844
f 786 844 842
f 787 831 830
f 787 830 788
f 788 830 829
f 788 829 828
f 789 797 798
f 790 845 791
f 791 845 846
f 791 846 847
f 791 847 848
f 791 848 793
f 791 793 792
f 793 848 849
f 793 849 794
f 794 849 850
f 794 850 851
f 794 851 852
f 794 852 795
f 795 852 796
f 796 852 853
f 796 853 797
f 797 853 854
f 797 854 855
f 797 855 856
f 797 856 798
f 798 856 799
f 799 856 800
f 800 856 857
f 800 857 801
f 801 857 858
f 801 858 859
f 801 859 860
f 801 860 803
f 801 803 802
f 803 860 861
f 803 861 862
f 803 862 863
f 803 863 864
f 803 864 805
f 803 805 804
f 805 864 863
f 805 863 865
f 805 865 866
f 805 866 867
f 805 867 808
f 805 808 807
f 808 867 866
f 808 866 868
f 808 868 869
f 808 869 870
f 808 870 811
f 808 811 810
f 811 869 871
f 811 871 872
f 811 872 873
f 811 873 814
f 811 814 812
f 811 870 869
f 813 815 816
f 814 873 874
f 814 874 875
f 814 875 876
f 814 876 815
f 815 876 816
f 816 876 877
f 816 877 817
f 817 877 878
f 817 878 818
f 818 878 879
f 818 879 835
f 819 820 880
f 819 880 822
f 820 821 881
f 820 881 882
f 820 882 880
f 821 834 881
f 822 883 825
f 822 825 823
f 822 880 884
f 822 884 883
f 824 825 885
f 824 885 886
f 824 886 826
f 825 883 885
f 826 887 827
f 826 886 888
f 826 888 889
f 826 889 890
f 826 890 887
f 827 887 844
f 827 844 843
f 827 843 828
f 832 891 833
f 832 840 892
f 832 892 891
f 833 891 893
f 833 893 834
f 834 894 881
f 834 893 894
f 835 879 837
f 835 837 836
f 837 895 896
f 837 896 897
f 837 897 898
f 837 898 838
f 837 879 899
f 837 899 895
f 838 898 900
f 838 900 839
f 839 900 901
f 839 901 902
f 839 902 903
f 839 903 841
f 840 904 892
f 840 841 905
f 840 905 904
f 841 903 906
f 841 906 905
f 842 844 907
f 844 887 890
f 844 890 907
f 847 908 848
f 848 908 850
f 848 850 849
f 850 908 909
f 850 909 910
f 850 910 911
f 850 911 912
f 850 912 913
f 850 913 851
f 851 913 914
f 851 914 852
f 852 914 853
f 853 914 854
f 854 914 915
f 854 915 855
f 855 916 857
f 855 857 856
f 855 915 916
f 857 916 858
f 858 916 917
f 858 917 859
f 859 917 918
f 859 918 919
f 859 919 861
f 859 861 860
f 861 919 920
f 861 920 862
f 862 920 921
f 862 921 863
f 863 922 923
f 863 923 924
f 863 924 866
f 863 866 865
f 863 921 922
f 866 925 926
f 866 926 927
f 866 927 869
f 866 869 868
f 866 924 923
f 866 923 925
f 869 927 926
f 869 926 928
f 869 928 929
f 869 929 871
f 871 929 872
f 872 930 931
f 872 931 874
f 872 874 873
f 872 929 930
f 874 931 932
f 874 932 896
f 874 896 933
f 874 933 875
f 875 933 899
f 875 899 876
f 876 899 877
f 877 899 878
f 878 899 879
f 880 934 884
f 880 882 934
f 881 894 935
f 881 935 936
f 881 936 937
f 881 937 882
f 882 937 934
f 883 884 938
f 883 938 939
f 883 939 885
f 884 934 940
f 884 940 938
f 885 939 941
f 885 941 886
f 886 941 888
f 888 941 942
f 888 942 943
f 888 943 889
f 891 892 944
f 891 944 945
f 891 945 893
f 892 904 944
f 893 935 894
f 893 945 946
f 893 946 935
f 895 899 933
f 895 933 896
f 896 932 931
f 896 931 947
f 896 947 948
f 896 948 949
f 896 949 897
f 897 950 898
f 897 949 950
f 898 950 951
f 898 951 900
f 900 952 902
f 900 902 901
f 900 951 953
f 900 953 954
f 900 954 952
f 902 952 955
f 902 955 956
f 902 956 906
f 902 906 903
f 904 905 957
f 904 957 958
f 904 958 944
f 905 906 957
f 906 956 957
f 910 959 960
f 910 960 961
f 910 961 962
f 910 962 911
f 911 962 912
f 912 962 963
f 912 963 964
f 912 964 965
f 912 965 913
f 913 965 966
f 913 966 914
f 914 966 915
f 915 966 967
f 915 967 916
f 916 968 917
f 916 967 968
f 917 968 969
f 917 969 918
f 918 970 919
f 918 969 970
f 919 971 920
f 919 970 971
f 920 972 973
f 920 973 921
f 920 971 972
f 921 973 922
f 922 973 974
f 922 974 923
f 923 975 976
f 923 976 926
f 923 926 925
f 923 974 975
f 926 977 978
f 926 978 979
f 926 979 928
f 926 976 977
f 928 979 929
f 929 979 930
f 930 980 981
f 930 981 947
f 930 947 931
f 930 979 982
f 930 982 980
f 934 983 940
f 934 937 983
f 935 946 984
f 935 984 985
f 935 985 986
f 935 986 936
f 936 986 987
f 936 987 937
f 937 987 983
f 938 940 988
f 938 988 989
f 938 989 939
f 939 989 941
f 940 983 990
f 940 990 988
f 941 991 992
f 941 992 993
f 941 993 942
f 941 989 991
f 942 993 943
f 943 993 994
f 944 958 995
f 944 995 945
f 945 995 996
f 945 996 946
f 946 996 997
f 946 997 984
f 947 981 948
f 948 998 999
f 948 999 949
f 948 981 1000
f 948 1000 998
f 949 999 950
f 950 1001 953
f 950 953 951
f 950 999 1053
f 950 1053 1001
f 952 954 1005
f 952 1005 1002
f 952 1002 1003
f 952 1003 955
f 953 1004 1005
f 953 1005 954
f 953 1001 1006
f 953 1006 1004
f 955 1003 1007
f 955 1007 1008
f 955 1008 956
f 956 1008 957
f 957 1008 1009
f 957 1009 958
f 958 1009 1010
f 958 1010 995
f 959 1011 1012
f 959 1012 960
f 960 1012 1013
f 960 1013 1014
f 960 1014 1015
f 960 1015 961
f 961 1015 1016
f 961 1016 963
f 961 963 962
f 963 1016 964
f 964 1016 1017
f 964 1017 1018
f 964 1018 1019
f 964 1019 965
f 965 1019 1020
f 965 1020 966
f 966 1020 967
f 967 1020 968
f 968 1020 969
f 969 1021 970
f 969 1020 1019
f 969 1019 1021
f 970 1021 1022
f 970 1022 1023
f 970 1023 1024
f 970 1024 971
f 971 1024 972
f 972 1024 1025
f 972 1025 1026
f 972 1026 973
f 973 1026 974
f 974 1026 975
f 975 1026 1027
f 975 1027 1028
f 975 1028 1029
f 975 1029 977
f 975 977 976
f 977 1029 1030
f 977 1030 1031
f 977 1031 982
f 977 982 978
f 978 982 979
f 980 982 1032
f 980 1032 1033
f 980 1033 981
f 981 1033 1000
f 982 1031 1034
f 982 1034 1032
f 983 1035 990
f 983 987 1035
f 984 1036 1037
f 984 1037 985
f 984 997 1036
f 985 1037 986
f 986 1037 1038
f 986 1038 987
f 987 1038 1039
f 987 1039 1040
f 987 1040 1035
f 988 990 1041
f 988 1041 1042
f 988 1042 1043
f 988 1043 989
f 989 1043 991
f 990 1035 1040
f 990 1040 1041
f 991 1043 1044
f 991 1044 1045
f 991 1045 992
f 992 1045 1046
f 992 1046 1047
f 992 1047 1048
f 992 1048 993
f 993 1048 994
f 995 1049 997
f 995 997 996
f 995 1010 1061
f 995 1061 1049
f 997 1049 1050
f 997 1050 1036
f 998 1000 1051
f 998 1051 1052
f 998 1052 999
f 999 1052 1053
f 1000 1033 1051
f 1001 1053 1054
f 1001 1054 1006
f 1002 1005 1055
f 1002 1055 1056
f 1002 1056 1003
f 1003 1056 1057
f 1003 1057 1007
f 1004 1006 1058
f 1004 1058 1059
f 1004 1059 1055
f 1004 1055 1005
f 1006 1054 1058
f 1007 1057 1060
f 1007 1060 1009
f 1007 1009 1008
f 1009 1060 1010
f 1010 1060 1061
f 1011 1062 1063
f 1011 1063 1064
f 1011 1064 1012
f 1012 1064 1013
f 1013 1064 1066
f 1013 1066 1014
f 1014 1065 1015
f 1014 1066 1067
f 1014 1067 1068
f 1014 1068 1065
f 1015 1065 1016
f 1016 1065 1017
f 1017 1065 1018
f 1018 1065 1068
f 1018 1068 1022
f 1018 1022 1021
f 1018 1021 1019
f 1022 1069 1070
f 1022 1070 1023
f 1022 1068 1069
f 1023 1070 1071
f 1023 1071 1024
f 1024 1072 1025
f 1024 1071 1073
f 1024 1073 1072
f 1025 1072 1074
f 1025 1074 1026
f 1026 1074 1027
f 1027 1075 1028
f 1027 1074 1075
f 1028 1075 1076
f 1028 1076 1077
f 1028 1077 1029
f 1029 1077 1030
f 1030 1078 1079
f 1030 1079 1031
f 1030 1077 1078
f 1031 1079 1034
f 1032 1080 1081
f 1032 1081 1033
f 1032 1034 1080
f 1033 1081 1082
f 1033 1082 1051
f 1034 1079 1083
f 1034 1083 1080
f 1036 1050 1084
f 1036 1084 1085
f 1036 1085 1037
f 1037 1085 1038
f 1038 1085 1086
f 1038 1086 1087
f 1038 1087 1039
f 1039 1087 1088
f 1039 1088 1040
f 1040 1088 1041
f 1041 1088 1089
f 1041 1089 1042
f 1042 1089 1090
f 1042 1090 1091
f 1042 1091 1092
f 1042 1092 1043
f 1043 1092 1044
f 1044 1092 1093
f 1044 1093 1094
f 1044 1094 1045
f 1045 1094 1095
f 1045 1095 1046
f 1046 1095 1047
f 1047 1095 1097
f 1047 1097 1098
f 1047 1098 1096
f 1049 1099 1050
f 1049 1061 1100
f 1049 1100 1099
f 1050 1099 1084
f 1051 1082 1052
f 1052 1101 1053
f 1052 1082 1101
f 1053 1101 1054
f 1054 1101 1102
f 1054 1102 1058
f 1055 1103 1104
f 1055 1104 1056
f 1055 1059 1103
f 1056 1104 1105
f 1056 1105 1106
f 1056 1106 1107
f 1056 1107 1057
f 1057 1107 1108
f 1057 1108 1060
f 1058 1102 1109
f 1058 1109 1110
f 1058 1110 1059
f 1059 1110 1103
f 1060 1108 1100
f 1060 1100 1061
f 1062 1111 1063
f 1063 1112 1113
f 1063 1113 1064
f 1063 1111 1112
f 1064 1113 1114
f 1064 1114 1066
f 1066 1114 1115
f 1066 1115 1116
f 1066 1116 1067
f 1067 1116 1117
f 1067 1117 1118
f 1067 1118 1069
f 1067 1069 1068
f 1069 1118 1070
f 1070 1118 1119
f 1070 1119 1071
f 1071 1120 1073
f 1071 1119 1120
f 1072 1121 1122
f 1072 1122 1074
f 1072 1073 1121
f 1073 1120 1123
f 1073 1123 1121
f 1074 1122 1075
f 1075 1122 1124
f 1075 1124 1125
f 1075 1125 1126
f 1075 1126 1076
f 1076 1126 1127
f 1076 1127 1077
f 1077 1127 1078
f 1078 1127 1128
f 1078 1128 1129
f 1078 1129 1079
f 1079 1129 1083
f 1080 1083 1130
f 1080 1130 1131
f 1080 1131 1132
f 1080 1132 1081
f 1081 1132 1082
f 1082 1132 1101
f 1083 1129 1133
f 1083 1133 1130
f 1084 1134 1135
f 1084 1135 1085
f 1084 1099 1136
f 1084 1136 1134
f 1085 1137 1086
f 1085 1135 1137
f 1086 1137 1138
f 1086 1138 1087
f 1087 1138 1139
f 1087 1139 1140
f 1087 1140 1141
f 1087 1141 1088
f 1088 1141 1089
f 1089 1142 1090
f 1089 1141 1142
f 1090 1142 1091
f 1091 1142 1143
f 1091 1143 1144
f 1091 1144 1145
f 1091 1145 1098
f 1091 1098 1093
f 1091 1093 1092
f 1093 1098 1094
f 1094 1098 1095
f 1095 1098 1097
f 1096 1098 1147
f 1096 1147 1148
f 1096 1148 1149
f 1096 1149 1146
f 1098 1145 1147
f 1099 1100 1150
f 1099 1150 1136
f 1100 1108 1150
f 1101 1132 1151
f 1101 1151 1152
f 1101 1152 1102
f 1102 1152 1153
f 1102 1153 1154
f 1102 1154 1109
f 1103 1110 1155
f 1103 1155 1105
f 1103 1105 1104
f 1105 1155 1156
f 1105 1156 1157
f 1105 1157 1106
f 1106 1157 1158
f 1106 1158 1107
f 1107 1158 1159
f 1107 1159 1150
f 1107 1150 1108
f 1109 1154 1160
f 1109 1160 1161
f 1109 1161 1110
f 1110 1161 1155
f 1111 1162 1112
f 1112 1163 1164
f 1112 1164 1113
f 1112 1162 1165
f 1112 1165 1163
f 1113 1164 1114
f 1114 1164 1166
f 1114 1166 1167
f 1114 1167 1115
f 1115 1167 1168
f 1115 1168 1169
f 1115 1169 1116
f 1116 1169 1117
f 1117 1169 1170
f 1117 1170 1171
f 1117 1171 1119
f 1117 1119 1118
f 1119 1171 1120
f 1120 1171 1172
f 1120 1172 1123
f 1121 1173 1174
f 1121 1174 1124
f 1121 1124 1122
f 1121 1123 1175
f 1121 1175 1173
f 1123 1172 1176
f 1123 1176 1175
f 1124 1174 1125
f 1125 1177 1178
f 1125 1178 1126
f 1125 1174 1177
f 1126 1178 1127
f 1127 1178 1179
f 1127 1179 1180
f 1127 1180 1128
f 1128 1180 1129
f 1129 1180 1181
f 1129 1181 1182
f 1129 1182 1133
f 1130 1133 1182
f 1130 1182 1183
f 1130 1183 1131
f 1131 1183 1151
f 1131 1151 1132
f 1134 1136 1159
f 1134 1159 1184
f 1134 1184 1185
f 1134 1185 1186
f 1134 1186 1187
f 1134 1187 1137
f 1134 1137 1135
f 1136 1150 1159
f 1137 1187 1188
f 1137 1188 1189
f 1137 1189 1138
f 1138 1190 1139
f 1138 1189 1190
f 1139 1190 1191
f 1139 1191 1140
f 1140 1191 1192
f 1140 1192 1193
f 1140 1193 1142
f 1140 1142 1141
f 1142 1193 1144
f 1142 1144 1143
f 1144 1193 1194
f 1144 1194 1195
f 1144 1195 1148
f 1144 1148 1147
f 1144 1147 1145
f 1146 1149 1196
f 1148 1195 1149
f 1149 1195 1197
f 1149 1197 1198
f 1149 1198 1196
f 1151 1199 1152
f 1151 1183 1200
f 1151 1200 1201
f 1151 1201 1202
f 1151 1202 1199
f 1152 1199 1203
f 1152 1203 1204
f 1152 1204 1153
f 1153 1204 1154
f 1154 1204 1205
f 1154 1205 1206
f 1154 1206 1207
f 1154 1207 1208
f 1154 1208 1209
f 1154 1209 1210
f 1154 1210 1160
f 1155 1161 1156
f 1156 1161 1211
f 1156 1211 1212
f 1156 1212 1157
f 1157 1212 1213
f 1157 1213 1158
f 1158 1213 1214
f 1158 1214 1215
f 1158 1215 1159
f 1159 1216 1184
f 1159 1215 1216
f 1160 1210 1217
f 1160 1217 1161
f 1161 1217 1218
f 1161 1218 1211
f 1163 1219 1220
f 1163 1220 1164
f 1163 1165 1219
f 1164 1220 1166
f 1165 1221 1222
f 1165 1222 1219
f 1166 1220 1223
f 1166 1223 1167
f 1167 1223 1168
f 1168 1224 1225
f 1168 1225 1169
f 1168 1223 1226
f 1168 1226 1227
f 1168 1227 1224
f 1169 1225 1170
f 1170 1225 1228
f 1170 1228 1176
f 1170 1176 1171
f 1171 1176 1172
f 1173 1175 1229
f 1173 1229 1230
f 1173 1230 1174
f 1174 1230 1177
f 1175 1231 1229
f 1175 1176 1228
f 1175 1228 1231
f 1177 1232 1178
f 1177 1230 1232
f 1178 1232 1179
f 1179 1233 1180
f 1179 1232 1233
f 1180 1233 1181
f 1181 1200 1182
f 1181 1233 1200
f 1182 1200 1183
f 1184 1216 1185
f 1185 1234 1235
f 1185 1235 1186
f 1185 1216 1236
f 1185 1236 1234
f 1186 1235 1188
f 1186 1188 1187
f 1188 1237 1238
f 1188 1238 1189
f 1188 1235 1237
f 1189 1238 1190
f 1190 1238 1239
f 1190 1239 1240
f 1190 1240 1191
f 1191 1241 1192
f 1191 1240 1241
f 1192 1241 1242
f 1192 1242 1243
f 1192 1243 1193
f 1193 1243 1194
f 1194 1244 1195
f 1194 1243 1242
f 1194 1242 1244
f 1195 1244 1197
f 1196 1245 1246
f 1196 1198 1247
f 1196 1247 1245
f 1197 1247 1198
f 1197 1244 1248
f 1197 1248 1247
f 1199 1202 1249
f 1199 1249 1203
f 1200 1250 1201
f 1200 1233 1251
f 1200 1251 1250
f 1201 1250 1252
f 1201 1252 1202
f 1202 1253 1249
f 1202 1252 1253
f 1203 1249 1204
f 1204 1249 1205
f 1205 1249 1253
f 1205 1253 1254
f 1205 1254 1206
f 1206 1254 1255
f 1206 1255 1207
f 1207 1255 1208
f 1208 1255 1256
f 1208 1256 1257
f 1208 1257 1209
f 1209 1257 1258
f 1209 1258 1259
f 1209 1259 1218
f 1209 1218 1210
f 1210 1218 1217
f 1211 1259 1260
f 1211 1260 1261
f 1211 1261 1212
f 1211 1218 1259
f 1212 1261 1262
f 1212 1262 1263
f 1212 1263 1214
f 1212 1214 1213
f 1214 1264 1236
f 1214 1236 1216
f 1214 1216 1215
f 1214 1263 1264
f 1219 1222 1265
f 1219 1265 1266
f 1219 1266 1220
f 1220 1266 1267
f 1220 1267 1223
f 1221 1268 1269
f 1221 1269 1222
f 1222 1269 1265
f 1223 1267 1270
f 1223 1270 1226
f 1224 1271 1225
f 1224 1227 1271
f 1225 1272 1228
f 1225 1271 1272
f 1226 1270 1273
f 1226 1273 1227
f 1227 1273 1274
f 1227 1274 1271
f 1228 1272 1231
f 1229 1275 1230
f 1229 1231 1276
f 1229 1276 1275
f 1230 1275 1277
f 1230 1277 1232
f 1231 1272 1278
f 1231 1278 1279
f 1231 1279 1276
f 1232 1277 1280
f 1232 1280 1281
f 1232 1281 1233
f 1233 1281 1282
f 1233 1282 1251
f 1234 1236 1283
f 1234 1283 1284
f 1234 1284 1285
f 1234 1285 1237
f 1234 1237 1235
f 1236 1264 1283
f 1237 1285 1286
f 1237 1286 1239
f 1237 1239 1238
f 1239 1286 1287
f 1239 1287 1288
f 1239 1288 1289
f 1239 1289 1240
f 1240 1289 1241
f 1241 1290 1242
f 1241 1289 1290
f 1242 1291 1292
f 1242 1292 1293
f 1242 1293 1244
f 1242 1290 1294
f 1242 1294 1295
f 1242 1295 1291
f 1244 1293 1296
f 1244 1296 1248
f 1245 1297 1298
f 1245 1298 1299
f 1245 1299 1300
f 1245 1300 1301
f 1245 1301 1302
f 1245 1302 1246
f 1245 1247 1297
f 1247 1248 1303
f 1247 1303 1304
f 1247 1304 1305
f 1247 1305 1297
f 1248 1296 1306
f 1248 1306 1303
f 1250 1251 1282
f 1250 1282 1307
f 1250 1307 1308
f 1250 1308 1252
f 1252 1308 1309
f 1252 1309 1253
f 1253 1309 1254
f 1254 1309 1310
f 1254 1310 1255
f 1255 1310 1311
f 1255 1311 1256
f 1256 1311 1312
f 1256 1312 1313
f 1256 1313 1257
f 1257 1313 1258
f 1258 1313 1314
f 1258 1314 1315
f 1258 1315 1259
f 1259 1315 1260
f 1260 1316 1317
f 1260 1317 1262
f 1260 1262 1261
f 1260 1315 1316
f 1262 1317 1318
f 1262 1318 1319
f 1262 1319 1264
f 1262 1264 1263
f 1264 1319 1283
f 1265 1269 1320
f 1265 1320 1321
f 1265 1321 1266
f 1266 1321 1322
f 1266 1322 1267
f 1267 1322 1323
f 1267 1323 1324
f 1267 1324 1325
f 1267 1325 1326
f 1267 1326 1273
f 1267 1273 1270
f 1268 1327 1328
f 1268 1328 1269
f 1269 1328 1329
f 1269 1329 1320
f 1271 1330 1278
f 1271 1278 1272
f 1271 1274 1330
f 1273 1326 1331
f 1273 1331 1332
f 1273 1332 1274
f 1274 1333 1334
f 1274 1334 1330
f 1274 1332 1333
f 1275 1335 1280
f 1275 1280 1277
f 1275 1276 1335
f 1276 1279 1336
f 1276 1336 1337
f 1276 1337 1338
f 1276 1338 1339
f 1276 1339 1335
f 1278 1340 1336
f 1278 1336 1279
f 1278 1330 1340
f 1280 1341 1342
f 1280 1342 1343
f 1280 1343 1282
f 1280 1282 1281
f 1280 1335 1341
f 1282 1344 1345
f 1282 1345 1307
f 1282 1343 1342
f 1282 1342 1344
f 1283 1346 1284
f 1283 1319 1346
f 1284 1346 1347
f 1284 1347 1348
f 1284 1348 1285
f 1285 1348 1286
f 1286 1348 1287
f 1287 1348 1349
f 1287 1349 1350
f 1287 1350 1351
f 1287 1351 1352
f 1287 1352 1288
f 1288 1352 1353
f 1288 1353 1289
f 1289 1353 1290
f 1290 1353 1294
f 1291 1295 1294
f 1291 1294 1354
f 1291 1354 1355
f 1291 1355 1292
f 1292 1355 1356
f 1292 1356 1357
f 1292 1357 1306
f 1292 1306 1296
f 1292 1296 1293
f 1294 1355 1354
f 1294 1353 1358
f 1294 1358 1355
f 1297 1305 1298
f 1303 1306 1359
f 1303 1359 1360
f 1303 1360 1304
f 1304 1360 1361
f 1304 1361 1305
f 1306 1357 1362
f 1306 1362 1359
f 1307 1345 1308
f 1308 1345 1363
f 1308 1363 1309
f 1309 1363 1364
f 1309 1364 1310
f 1310 1364 1311
f 1311 1364 1365
f 1311 1365 1312
f 1312 1365 1366
f 1312 1366 1367
f 1312 1367 1313
f 1313 1367 1368
f 1313 1368 1314
f 1314 1368 1369
f 1314 1369 1370
f 1314 1370 1316
f 1314 1316 1315
f 1316 1370 1371
f 1316 1371 1317
f 1317 1371 1318
f 1318 1371 1372
f 1318 1372 1373
f 1318 1373 1374
f 1318 1374 1346
f 1318 1346 1319
f 1320 1375 1322
f 1320 1322 1321
f 1320 1329 1376
f 1320 1376 1375
f 1322 1375 1323
f 1323 1377 1324
f 1323 1375 1377
f 1324 1377 1325
f 1325 1377 1331
f 1325 1331 1326
f 1327 1378 1379
f 1327 1379 1328
f 1328 1380 1381
f 1328 1381 1329
f 1328 1379 1382
f 1328 1382 1383
f 1328 1383 1384
f 1328 1384 1380
f 1329 1381 1385
f 1329 1385 1376
f 1330 1334 1386
f 1330 1386 1340
f 1331 1387 1332
f 1331 1377 1387
f 1332 1387 1333
f 1333 1387 1388
f 1333 1388 1334
f 1334 1388 1386
f 1335 1339 1341
f 1336 1340 1386
f 1336 1386 1389
f 1336 1389 1337
f 1337 1389 1338
f 1338 1389 1390
f 1338 1390 1339
f 1339 1391 1392
f 1339 1392 1393
f 1339 1393 1342
f 1339 1342 1341
f 1339 1390 1391
f 1342 1393 1394
f 1342 1394 1395
f 1342 1395 1396
f 1342 1396 1345
f 1342 1345 1344
f 1345 1396 1395
f 1345 1395 1397
f 1345 1397 1364
f 1345 1364 1363
f 1346 1374 1347
f 1347 1373 1398
f 1347 1398 1350
f 1347 1350 1349
f 1347 1349 1348
f 1347 1374 1373
f 1350 1398 1399
f 1350 1399 1400
f 1350 1400 1401
f 1350 1401 1351
f 1351 1401 1402
f 1351 1402 1352
f 1352 1402 1358
f 1352 1358 1353
f 1355 1403 1404
f 1355 1404 1356
f 1355 1358 1402
f 1355 1402 1405
f 1355 1405 1403
f 1356 1404 1406
f 1356 1406 1407
f 1356 1407 1362
f 1356 1362 1357
f 1359 1362 1407
f 1359 1407 1408
f 1359 1408 1409
f 1359 1409 1360
f 1360 1409 1410
f 1360 1410 1361
f 1361 1410 1409
f 1361 1409 1411
f 1364 1397 1412
f 1364 1412 1413
f 1364 1413 1365
f 1365 1413 1366
f 1366 1413 1414
f 1366 1414 1415
f 1366 1415 1416
f 1366 1416 1367
f 1367 1416 1417
f 1367 1417 1368
f 1368 1417 1418
f 1368 1418 1369
f 1369 1418 1370
f 1370 1418 1419
f 1370 1419 1371
f 1371 1419 1372
f 1372 1419 1420
f 1372 1420 1373
f 1373 1420 1421
f 1373 1421 1399
f 1373 1399 1398
f 1375 1422 1377
f 1375 1376 1422
f 1376 1385 1423
f 1376 1423 1422
f 1377 1424 1387
f 1377 1422 1424
f 1378 1425 1382
f 1378 1382 1379
f 1380 1384 1383
f 1380 1383 1426
f 1380 1426 1427
f 1380 1427 1428
f 1380 1428 1429
f 1380 1429 1381
f 1381 1429 1432
f 1381 1432 1385
f 1382 1425 1430
f 1382 1430 1431
f 1382 1431 1427
f 1382 1427 1426
f 1382 1426 1383
f 1385 1432 1433
f 1385 1433 1423
f 1386 1388 1434
f 1386 1434 1389
f 1387 1435 1388
f 1387 1424 1435
f 1388 1436 1437
f 1388 1437 1438
f 1388 1438 1434
f 1388 1435 1439
f 1388 1439 1440
f 1388 1440 1436
f 1389 1434 1390
f 1390 1441 1442
f 1390 1442 1392
f 1390 1392 1391
f 1390 1434 1441
f 1392 1442 1441
f 1392 1441 1394
f 1392 1394 1393
f 1394 1441 1443
f 1394 1443 1395
f 1395 1443 1444
f 1395 1444 1413
f 1395 1413 1412
f 1395 1412 1397
f 1399 1445 1400
f 1399 1421 1445
f 1400 1445 1446
f 1400 1446 1401
f 1401 1446 1405
f 1401 1405 1402
f 1403 1405 1447
f 1403 1447 1448
f 1403 1448 1404
f 1404 1448 1449
f 1404 1449 1406
f 1405 1446 1447
f 1406 1449 1450
f 1406 1450 1451
f 1406 1451 1407
f 1407 1451 1408
f 1408 1451 1409
f 1409 1452 1453
f 1409 1453 1411
f 1409 1451 1450
f 1409 1450 1452
f 1413 1444 1454
f 1413 1454 1455
f 1413 1455 1456
f 1413 1456 1414
f 1414 1456 1415
f 1415 1456 1457
f 1415 1457 1458
f 1415 1458 1459
f 1415 1459 1460
f 1415 1460 1416
f 1416 1460 1417
f 1417 1460 1461
f 1417 1461 1418
f 1418 1461 1462
f 1418 1462 1463
f 1418 1463 1419
f 1419 1463 1420
f 1420 1463 1464
f 1420 1464 1421
f 1421 1464 1445
f 1422 1423 1465
f 1422 1465 1424
f 1423 1433 1476
f 1423 1476 1465
f 1424 1465 1435
f 1427 1466 1467
f 1427 1467 1428
f 1427 1431 1468
f 1427 1468 1466
f 1428 1467 1469
f 1428 1469 1470
f 1428 1470 1429
f 1429 1469 1432
f 1429 1470 1469
f 1430 1468 1431
f 1432 1469 1471
f 1432 1471 1472
f 1432 1472 1433
f 1433 1472 1473
f 1433 1473 1474
f 1433 1474 1475
f 1433 1475 1476
f 1434 1438 1441
f 1435 1465 1439
f 1436 1440 1477
f 1436 1477 1478
f 1436 1478 1479
f 1436 1479 1480
f 1436 1480 1441
f 1436 1441 1437
f 1437 1441 1438
f 1439 1481 1440
f 1439 1465 1476
f 1439 1476 1475
f 1439 1475 1481
f 1440 1481 1482
f 1440 1482 1483
f 1440 1483 1484
f 1440 1484 1485
f 1440 1485 1477
f 1441 1480 1486
f 1441 1486 1487
f 1441 1487 1444
f 1441 1444 1443
f 1444 1487 1454
f 1445 1464 1488
f 1445 1488 1489
f 1445 1489 1490
f 1445 1490 1446
f 1446 1490 1491
f 1446 1491 1447
f 1447 1491 1492
f 1447 1492 1448
f 1448 1492 1449
f 1449 1492 1450
f 1450 1493 1494
f 1450 1494 1453
f 1450 1453 1452
f 1450 1492 1493
f 1453 1494 1493
f 1453 1493 1495
f 1454 1487 1486
f 1454 1486 1480
f 1454 1480 1455
f 1455 1480 1456
f 1456 1480 1457
f 1457 1480 1479
f 1457 1479 1496
f 1457 1496 1458
f 1458 1496 1459
f 1459 1497 1460
f 1459 1496 1498
f 1459 1498 1499
f 1459 1499 1497
f 1460 1497 1461
f 1461 1497 1462
f 1462 1497 1500
f 1462 1500 1463
f 1463 1500 1464
f 1464 1500 1501
f 1464 1501 1488
f 1466 1502 1503
f 1466 1503 1504
f 1466 1504 1467
f 1466 1468 1505
f 1466 1505 1506
f 1466 1506 1507
f 1466 1507 1502
f 1467 1504 1508
f 1467 1508 1469
f 1469 1508 1471
f 1471 1508 1509
f 1471 1509 1510
f 1471 1510 1472
f 1472 1510 1511
f 1472 1511 1473
f 1473 1511 1474
f 1474 1511 1475
f 1475 1511 1481
f 1477 1485 1512
f 1477 1512 1513
f 1477 1513 1478
f 1478 1514 1496
f 1478 1496 1479
f 1478 1513 1514
f 1481 1511 1515
f 1481 1515 1516
f 1481 1516 1482
f 1482 1516 1483
f 1483 1517 1518
f 1483 1518 1484
f 1483 1516 1509
f 1483 1509 1519
f 1483 1519 1520
f 1483 1520 1517
f 1484 1518 1485
f 1485 1518 1512
f 1488 1501 1521
f 1488 1521 1489
f 1489 1521 1522
f 1489 1522 1523
f 1489 1523 1490
f 1490 1523 1491
f 1491 1523 1524
f 1491 1524 1525
f 1491 1525 1492
f 1492 1525 1526
f 1492 1526 1493
f 1493 1526 1495
f 1495 1526 1528
f 1495 1528 1529
f 1495 1529 1530
f 1495 1530 1527
f 1496 1514 1498
f 1497 1499 1500
f 1498 1514 1531
f 1498 1531 1499
f 1499 1501 1500
f 1499 1531 1532
f 1499 1532 1501
f 1501 1532 1533
f 1501 1533 1521
f 1502 1507 1503
f 1503 1507 1534
f 1503 1534 1504
f 1504 1534 1535
f 1504 1535 1509
f 1504 1509 1508
f 1507 1536 1537
f 1507 1537 1538
f 1507 1538 1534
f 1509 1539 1540
f 1509 1540 1519
f 1509 1516 1511
f 1509 1511 1510
f 1509 1535 1539
f 1511 1516 1515
f 1512 1518 1513
f 1513 1518 1541
f 1513 1541 1514
f 1514 1541 1531
f 1517 1520 1542
f 1517 1542 1518
f 1518 1542 1543
f 1518 1543 1544
f 1518 1544 1541
f 1519 1540 1545
f 1519 1545 1520
f 1520 1545 1546
f 1520 1546 1543
f 1520 1543 1542
f 1521 1533 1547
f 1521 1547 1522
f 1522 1547 1548
f 1522 1548 1523
f 1523 1548 1524
f 1524 1548 1549
f 1524 1549 1525
f 1525 1549 1526
f 1526 1549 1550
f 1526 1550 1528
f 1527 1551 1552
f 1527 1530 1551
f 1528 1550 1529
f 1529 1550 1553
f 1529 1553 1530
f 1530 1553 1554
f 1530 1554 1551
f 1531 1541 1544
f 1531 1544 1532
f 1532 1544 1533
f 1533 1544 1547
f 1534 1538 1537
f 1534 1537 1555
f 1534 1555 1535
f 1535 1555 1539
f 1536 1552 1556
f 1536 1556 1537
f 1537 1556 1554
f 1537 1554 1555
f 1539 1545 1540
f 1539 1555 1545
f 1543 1557 1547
f 1543 1547 1544
f 1543 1546 1557
f 1545 1555 1558
f 1545 1558 1546
f 1546 1558 1559
f 1546 1559 1560
f 1546 1560 1557
f 1547 1557 1548
f 1548 1557 1549
f 1549 1560 1559
f 1549 1559 1553
f 1549 1553 1550
f 1549 1557 1560
f 1551 1554 1556
f 1551 1556 1552
f 1553 1559 1554
f 1554 1559 1558
f 1554 1558 1555